index,발행기관코드,발행기관명,표준코드,단축코드,채권분류,변경전 발행기관코드,상장여부,활성여부,상장일,상장폐지일,한글종목명,영문종목명,채권유형,지방채구분,발행금액,발행일,발행통화,상환일,특이채권유형,보증담보,보증률(%),이자지급방법,발행방법,발행구분,크라우드펀딩여부,표면이자율 확정여부,표면이자율(%),낙찰금리(%),발행가액(%),만기상환율(%),특이발행조건,옵션,선/후/중순위,상환방법,물가연동구분,참조지수(%),신종자본증권여부,조건부자본증권 유형,유동화,휴무관련(원금),이자지급기준,경과금리(%),휴무관련(이자),이자 선/후급,이자지급주기(개월),이자지급기준일구분,이자계산주기(개월),이자원단위 미만처리,이자월말구분,단수일이자기준,최초이자지급일,매출형태,선매출이자 지급방법,선/후매출일,기명구분,보장수익률(%),보장수익률적용일,추가수익률(%),추가수익률적용일,(전자)등록기관,원리금지급대행기관,대표주관회사,보증기관,신용평가기관1,신용등급,신용평가기관2,신용평가기관3,신용평가기관4,CFI,FISN,Call 주체,Call 사유,identifier1,identifier2,bookrunners,bkr_parts,comanagers,cmgr_parts
46,1794,(주)E1,KR6017941A66,B017941A6,일반사채 (116100),,상장,활성,2020-06-18,,E1 35,E1 35,회사채,,"120,000,000,000",2020-06-18,원화,2023-06-16,일반채권,무보증,,고정금리형-이표채,공모-간접발행,국내발행,NO,확정,2.128,,100,100,,,선순위,만기상환,NO,,NO,,,직후영업일(경과이자없음),,,직후영업일(경과이자없음),후급,3,발행일,3,절사,일자기준,,2020-09-18,비매출,,,무기명,,,,,한국예탁결제원,(주)하나은행,엔에이치투자증권(주),,NICE신용평가, ,,한국기업평가,,DBFNFB,E1/ Bd 20230616 Sr Ungtd,,,35,,"['한국투자증권', 'NH투자증권', 'KB증권']","['30,000,000,000', '35,000,000,000', '15,000,000,000']","['한국산업은행', '이베스트투자증권']","['20,000,000,000', '20,000,000,000']"
53,1945,(주)아이비케이캐피탈,KR6019451A49,B019451A4,할부금융채권 (116250),,상장,활성,2020-04-09,,아이비케이캐피탈 212-1,IBK CAPITAL CORPORATION 212-1,회사채,,"10,000,000,000",2020-04-08,원화,2021-04-08,일반채권,무보증,,고정금리형-이표채,공모-간접발행,국내발행,NO,확정,1.72,,100,100,,,선순위,만기상환,NO,,NO,,,직후영업일(경과이자없음),,,직후영업일(경과이자없음),후급,3,발행일,3,절사,일자기준,,2020-07-08,비매출,,,무기명,,,,,한국예탁결제원,중소기업은행,교보증권(주),,NICE신용평가, ,한국신용평가,한국기업평가,,DBFNFB,IBK CAPITAL/1.72 Bd 20210408 Sr,,,212-1,-1,['교보증권'],"['10,000']",[],[]
58,1945,(주)아이비케이캐피탈,KR6019452A48,B019452A4,할부금융채권 (116250),,상장,활성,2020-04-09,,아이비케이캐피탈 212-2,IBK CAPITAL CORPORATION 212-2,회사채,,"50,000,000,000",2020-04-08,원화,2021-05-07,일반채권,무보증,,고정금리형-이표채,공모-간접발행,국내발행,NO,확정,1.7280000000000002,,100,100,,,선순위,만기상환,NO,,NO,,,직후영업일(경과이자없음),,,직후영업일(경과이자없음),후급,3,발행일,3,절사,일자기준,365일,2020-07-08,비매출,,,무기명,,,,,한국예탁결제원,중소기업은행,교보증권(주),,NICE신용평가, ,한국신용평가,한국기업평가,,DBFNFB,IBK CAPITAL/1.728 Bd 20210507 Sr,,,212-2,-2,['교보증권'],"['10,000']","['SK증권', '부국증권', '케이티비투자증권']","['20,000', '10,000', '10,000']"
63,1945,(주)아이비케이캐피탈,KR6019453A47,B019453A4,할부금융채권 (116250),,상장,활성,2020-04-09,,아이비케이캐피탈 212-3,IBK CAPITAL CORPORATION 212-3,회사채,,"20,000,000,000",2020-04-08,원화,2022-04-08,일반채권,무보증,,고정금리형-이표채,공모-간접발행,국내발행,NO,확정,1.774,,100,100,,,선순위,만기상환,NO,,NO,,,직후영업일(경과이자없음),,,직후영업일(경과이자없음),후급,3,발행일,3,절사,일자기준,,2020-07-08,비매출,,,무기명,,,,,한국예탁결제원,중소기업은행,교보증권(주),,NICE신용평가, ,한국신용평가,한국기업평가,,DBFNFB,IBK CAPITAL/1.774 Bd 20220408 Sr,,,212-3,-3,['한국산업은행'],"['20,000']",[],[]
68,1945,(주)아이비케이캐피탈,KR6019454A46,B019454A4,할부금융채권 (116250),,상장,활성,2020-04-20,,아이비케이캐피탈 213-1,IBK CAPITAL CORPORATION 213-1,회사채,,"10,000,000,000",2020-04-17,원화,2021-04-16,일반채권,무보증,,고정금리형-이표채,공모-간접발행,국내발행,NO,확정,1.781,,100,100,마지막이자 365 일할계산,,선순위,만기상환,NO,,NO,,,직후영업일(경과이자없음),,,직후영업일(경과이자없음),후급,3,발행일,3,절사,일자기준,,2020-07-17,비매출,,,무기명,,,,,한국예탁결제원,중소기업은행,키움증권(주),,NICE신용평가, ,한국신용평가,한국기업평가,,DBFNFB,IBK CAPITAL/1.781 Bd 20210416 Sr,,,213-1,-1,['메리츠증권'],"['10,000']",[],[]
73,1945,(주)아이비케이캐피탈,KR6019455A45,B019455A4,할부금융채권 (116250),,상장,활성,2020-04-20,,아이비케이캐피탈 213-2,IBK CAPITAL CORPORATION 213-2,회사채,,"10,000,000,000",2020-04-17,원화,2021-09-17,일반채권,무보증,,고정금리형-이표채,공모-간접발행,국내발행,NO,확정,1.786,,100,100,마지막이자 365 일할계산,,선순위,만기상환,NO,,NO,,,직후영업일(경과이자없음),,,직후영업일(경과이자없음),후급,3,발행일,3,절사,일자기준,,2020-07-17,비매출,,,무기명,,,,,한국예탁결제원,중소기업은행,키움증권(주),,NICE신용평가, ,한국신용평가,한국기업평가,,DBFNFB,IBK CAPITAL/1.786 Bd 20210917 Sr,,,213-2,-2,['메리츠증권'],"['10,000']",[],[]
77,1945,(주)아이비케이캐피탈,KR6019456A44,B019456A4,할부금융채권 (116250),,상장,활성,2020-04-20,,아이비케이캐피탈 213-3,IBK CAPITAL CORPORATION 213-3,회사채,,"50,000,000,000",2020-04-17,원화,2021-10-15,일반채권,무보증,,고정금리형-이표채,공모-간접발행,국내발행,NO,확정,1.787,,100,100,마지막이자 365 일할계산,,선순위,만기상환,NO,,NO,,,직후영업일(경과이자없음),,,직후영업일(경과이자없음),후급,3,발행일,3,절사,일자기준,,2020-07-17,비매출,,,무기명,,,,,한국예탁결제원,중소기업은행,키움증권(주),,NICE신용평가, ,한국신용평가,한국기업평가,,DBFNFB,IBK CAPITAL/1.787 Bd 20211015 Sr,,,213-3,-3,['키움증권'],"['20,000']",['하나금융투자'],"['30,000']"
81,1945,(주)아이비케이캐피탈,KR6019457A43,B019457A4,할부금융채권 (116250),,상장,활성,2020-04-24,,아이비케이캐피탈 214-1,IBK CAPITAL CORPORATION 214-1,회사채,,"30,000,000,000",2020-04-23,원화,2021-04-23,일반채권,무보증,,고정금리형-이표채,공모-간접발행,국내발행,NO,확정,1.798,,100,100,,,선순위,만기상환,NO,,NO,,,직후영업일(경과이자없음),,,직후영업일(경과이자없음),후급,3,발행일,3,절사,일자기준,,2020-07-23,비매출,,,무기명,,,,,한국예탁결제원,중소기업은행,교보증권(주),,NICE신용평가, ,한국신용평가,한국기업평가,,DBFNFB,IBK CAPITAL/1.798 Bd 20210423 Sr,,,214-1,-1,['교보증권'],"['20,000']",['이베스트투자증권'],"['10,000']"
85,1945,(주)아이비케이캐피탈,KR6019458A42,B019458A4,할부금융채권 (116250),,상장,활성,2020-04-24,,아이비케이캐피탈 214-2,IBK CAPITAL CORPORATION 214-2,회사채,,"10,000,000,000",2020-04-23,원화,2021-06-23,일반채권,무보증,,고정금리형-이표채,공모-간접발행,국내발행,NO,확정,1.7990000000000002,,100,100,마지막 이자지급 365일 일할계산,,선순위,만기상환,NO,,NO,,,직후영업일(경과이자없음),,,직후영업일(경과이자없음),후급,3,발행일,3,절사,일자기준,365일,2020-07-23,비매출,,,무기명,,,,,한국예탁결제원,중소기업은행,교보증권(주),,NICE신용평가, ,한국신용평가,한국기업평가,,DBFNFB,IBK CAPITAL/1.799 Bd 20210623 Sr,,,214-2,-2,['케이티비투자증권'],"['10,000']",[],[]
88,1945,(주)아이비케이캐피탈,KR6019459A41,B019459A4,할부금융채권 (116250),,상장,활성,2020-04-24,,아이비케이캐피탈 214-3,IBK CAPITAL CORPORATION 214-3,회사채,,"10,000,000,000",2020-04-23,원화,2021-07-23,일반채권,무보증,,고정금리형-이표채,공모-간접발행,국내발행,NO,확정,1.8,,100,100,,,선순위,만기상환,NO,,NO,,,직후영업일(경과이자없음),,,직후영업일(경과이자없음),후급,3,발행일,3,절사,일자기준,,2020-07-23,비매출,,,무기명,,,,,한국예탁결제원,중소기업은행,교보증권(주),,NICE신용평가, ,한국신용평가,한국기업평가,,DBFNFB,IBK CAPITAL/1.800 Bd 20210723 Sr,,,214-3,-3,['케이티비투자증권'],"['10,000']",[],[]
91,1945,(주)아이비케이캐피탈,KR601945AA46,B01945AA4,할부금융채권 (116250),,상장,활성,2020-04-24,,아이비케이캐피탈 214-4,IBK CAPITAL CORPORATION 214-4,회사채,,"30,000,000,000",2020-04-23,원화,2021-08-23,일반채권,무보증,,고정금리형-이표채,공모-간접발행,국내발행,NO,확정,1.801,,100,100,마지막 이자지급 365일 일할계산,,선순위,만기상환,NO,,NO,,,직후영업일(경과이자없음),,,직후영업일(경과이자없음),후급,3,발행일,3,절사,일자기준,365일,2020-07-23,비매출,,,무기명,,,,,한국예탁결제원,중소기업은행,교보증권(주),,NICE신용평가, ,한국신용평가,한국기업평가,,DBFNFB,IBK CAPITAL/1.801 Bd 20210823 Sr,,,214-4,-4,"['유진투자증권', '흥국증권']","['20,000', '10,000']",[],[]
54,1945,(주)아이비케이캐피탈,KR6019451A64,B019451A6,할부금융채권 (116250),,상장,활성,2020-06-08,,아이비케이캐피탈 215-1,IBK CAPITAL CORPORATION 215-1,회사채,,"40,000,000,000",2020-06-05,원화,2022-05-04,일반채권,무보증,,고정금리형-이표채,공모-간접발행,국내발행,NO,확정,1.391,,100,100,,,선순위,만기상환,NO,,NO,,,직후영업일(경과이자없음),,,직후영업일(경과이자없음),후급,3,발행일,3,절사,일자기준,365일,2020-09-05,비매출,,,무기명,,,,,한국예탁결제원,중소기업은행,엔에이치투자증권(주),,NICE신용평가, ,한국신용평가,한국기업평가,,DBFNFB,IBK CAPITAL/1.391 Bd 20220504 Sr,,,215-1,-1,"['한양증권', '교보증권', '흥국증권']","['20,000', '10,000', '10,000']",[],[]
59,1945,(주)아이비케이캐피탈,KR6019452A63,B019452A6,할부금융채권 (116250),,상장,활성,2020-06-08,,아이비케이캐피탈 215-2,IBK CAPITAL CORPORATION 215-2,회사채,,"50,000,000,000",2020-06-05,원화,2022-11-04,일반채권,무보증,,고정금리형-이표채,공모-간접발행,국내발행,NO,확정,1.505,,100,100,,,선순위,만기상환,NO,,NO,,,직후영업일(경과이자없음),,,직후영업일(경과이자없음),후급,3,발행일,3,절사,일자기준,365일,2020-09-05,비매출,,,무기명,,,,,한국예탁결제원,중소기업은행,엔에이치투자증권(주),,NICE신용평가, ,한국신용평가,한국기업평가,,DBFNFB,IBK CAPITAL/1.505 Bd 20221104 Sr,,,215-2,-2,"['하나금융투자', '키움증권', 'SK증권', '메리츠증권']","['20,000', '10,000', '10,000', '10,000']",[],[]
64,1945,(주)아이비케이캐피탈,KR6019453A62,B019453A6,할부금융채권 (116250),,상장,활성,2020-06-08,,아이비케이캐피탈 215-3,IBK CAPITAL CORPORATION 215-3,회사채,,"40,000,000,000",2020-06-05,원화,2023-07-05,일반채권,무보증,,고정금리형-이표채,공모-간접발행,국내발행,NO,확정,1.6159999999999999,,100,100,,,선순위,만기상환,NO,,NO,,,직후영업일(경과이자없음),,,직후영업일(경과이자없음),후급,3,발행일,3,절사,일자기준,365일,2020-09-05,비매출,,,무기명,,,,,한국예탁결제원,중소기업은행,엔에이치투자증권(주),,NICE신용평가, ,한국신용평가,한국기업평가,,DBFNFB,IBK CAPITAL/1.616 Bd 20230705 Sr,,,215-3,-3,['NH투자증권'],"['10,000']","['SK증권', '교보증권', '유진투자증권']","['10,000', '10,000', '10,000']"
69,1945,(주)아이비케이캐피탈,KR6019454A61,B019454A6,할부금융채권 (116250),,상장,활성,2020-06-08,,아이비케이캐피탈 215-4,IBK CAPITAL CORPORATION 215-4,회사채,,"20,000,000,000",2020-06-05,원화,2023-10-05,일반채권,무보증,,고정금리형-이표채,공모-간접발행,국내발행,NO,확정,1.6369999999999998,,100,100,,,선순위,만기상환,NO,,NO,,,직후영업일(경과이자없음),,,직후영업일(경과이자없음),후급,3,발행일,3,절사,일자기준,365일,2020-09-05,비매출,,,무기명,,,,,한국예탁결제원,중소기업은행,엔에이치투자증권(주),,NICE신용평가, ,한국신용평가,한국기업평가,,DBFNFB,IBK CAPITAL/1.637 Bd 20231005 Sr,,,215-4,-4,['NH투자증권'],"['10,000']",['한양증권'],"['10,000']"
74,1945,(주)아이비케이캐피탈,KR6019455A60,B019455A6,할부금융채권 (116250),,상장,활성,2020-06-25,,아이비케이캐피탈 216-1,IBK CAPITAL CORPORATION 216-1,회사채,,"70,000,000,000",2020-06-24,원화,2021-12-24,일반채권,무보증,,고정금리형-이표채,공모-간접발행,국내발행,NO,확정,1.415,,100,100,,,선순위,만기상환,NO,,NO,,,직후영업일(경과이자없음),,,직후영업일(경과이자없음),후급,3,발행일,3,절사,일자기준,,2020-09-24,비매출,,,무기명,,,,,한국예탁결제원,중소기업은행,KB증권(주),,NICE신용평가, ,한국신용평가,한국기업평가,,DBFNFB,IBK CAPITAL/1.415 Bd 20211224 Sr,,,216-1,-1,['KB증권'],"['10,000']","['한양증권', '한국투자증권', '이베스트투자증권']","['30,000', '20,000', '10,000']"
78,1945,(주)아이비케이캐피탈,KR6019456A69,B019456A6,할부금융채권 (116250),,상장,활성,2020-06-25,,아이비케이캐피탈 216-2,IBK CAPITAL CORPORATION 216-2,회사채,,"50,000,000,000",2020-06-24,원화,2022-06-24,일반채권,무보증,,고정금리형-이표채,공모-간접발행,국내발행,NO,확정,1.4980000000000002,,100,100,,,선순위,만기상환,NO,,NO,,,직후영업일(경과이자없음),,,직후영업일(경과이자없음),후급,3,발행일,3,절사,일자기준,,2020-09-24,비매출,,,무기명,,,,,한국예탁결제원,중소기업은행,KB증권(주),,NICE신용평가, ,한국신용평가,한국기업평가,,DBFNFB,IBK CAPITAL/1.498 Bd 20220624 Sr,,,216-2,-2,['KB증권'],"['20,000']","['교보증권', '한화투자증권', '유진투자증권']","['10,000', '10,000', '10,000']"
82,1945,(주)아이비케이캐피탈,KR6019457A68,B019457A6,할부금융채권 (116250),,상장,활성,2020-06-25,,아이비케이캐피탈 216-3,IBK CAPITAL CORPORATION 216-3,회사채,,"50,000,000,000",2020-06-24,원화,2023-05-24,일반채권,무보증,,고정금리형-이표채,공모-간접발행,국내발행,NO,확정,1.58,,100,100,마지막이자365 일할계산,,선순위,만기상환,NO,,NO,,,직후영업일(경과이자없음),,,직후영업일(경과이자없음),후급,3,발행일,3,절사,일자기준,,2020-09-24,비매출,,,무기명,,,,,한국예탁결제원,중소기업은행,KB증권(주),,NICE신용평가, ,한국신용평가,한국기업평가,,DBFNFB,IBK CAPITAL/1.580 Bd 20230524 Sr,,,216-3,-3,"['현대차증권', '부국증권', '미래에셋대우', 'SK증권', '하나금융투자']","['10,000', '10,000', '10,000', '10,000', '10,000']",[],[]
86,1945,(주)아이비케이캐피탈,KR6019458A67,B019458A6,할부금융채권 (116250),,상장,활성,2020-06-25,,아이비케이캐피탈 216-4,IBK CAPITAL CORPORATION 216-4,회사채,,"40,000,000,000",2020-06-24,원화,2023-06-23,일반채권,무보증,,고정금리형-이표채,공모-간접발행,국내발행,NO,확정,1.589,,100,100,마지막이자 365 일할계산,,선순위,만기상환,NO,,NO,,,직후영업일(경과이자없음),,,직후영업일(경과이자없음),후급,3,발행일,3,절사,일자기준,,2020-09-24,비매출,,,무기명,,,,,한국예탁결제원,중소기업은행,KB증권(주),,NICE신용평가, ,한국신용평가,한국기업평가,,DBFNFB,IBK CAPITAL/1.589 Bd 20230623 Sr,,,216-4,-4,['KB증권'],"['10,000']","['한양증권', '한국투자증권', '교보증권']","['10,000', '10,000', '10,000']"
89,1945,(주)아이비케이캐피탈,KR6019459A66,B019459A6,할부금융채권 (116250),,상장,활성,2020-06-25,,아이비케이캐피탈 216-5,IBK CAPITAL CORPORATION 216-5,회사채,,"20,000,000,000",2020-06-24,원화,2023-08-24,일반채권,무보증,,고정금리형-이표채,공모-간접발행,국내발행,NO,확정,1.607,,100,100,마지막이자 365 일할계산,,선순위,만기상환,NO,,NO,,,직후영업일(경과이자없음),,,직후영업일(경과이자없음),후급,3,발행일,3,절사,일자기준,,2020-09-24,비매출,,,무기명,,,,,한국예탁결제원,중소기업은행,KB증권(주),,NICE신용평가, ,한국신용평가,한국기업평가,,DBFNFB,IBK CAPITAL/1.607 Bd 20230824 Sr,,,216-5,-5,"['한양증권', '현대차증권']","['10,000', '10,000']",[],[]
92,1945,(주)아이비케이캐피탈,KR601945AA61,B01945AA6,할부금융채권 (116250),,상장,활성,2020-06-25,,아이비케이캐피탈 216-6,IBK CAPITAL CORPORATION 216-6,회사채,,"30,000,000,000",2020-06-24,원화,2025-06-24,일반채권,무보증,,고정금리형-이표채,공모-간접발행,국내발행,NO,확정,1.704,,100,100,,,선순위,만기상환,NO,,NO,,,직후영업일(경과이자없음),,,직후영업일(경과이자없음),후급,3,발행일,3,절사,일자기준,,2020-09-24,비매출,,,무기명,,,,,한국예탁결제원,중소기업은행,KB증권(주),,NICE신용평가, ,한국신용평가,한국기업평가,,DBFNFB,IBK CAPITAL/1.704 Bd 20250624 Sr,,,216-6,-6,"['이베스트투자증권', '부국증권', '메리츠증권']","['10,000', '10,000', '10,000']",[],[]
55,1945,(주)아이비케이캐피탈,KR6019451A72,B019451A7,할부금융채권 (116250),,상장,활성,2020-07-14,,아이비케이캐피탈 217-1,IBK CAPITAL CORPORATION 217-1,회사채,,"50,000,000,000",2020-07-13,원화,2022-08-12,일반채권,무보증,,고정금리형-이표채,공모-간접발행,국내발행,NO,확정,1.455,,100,100,마지막이자 365 일할계산,,선순위,만기상환,NO,,NO,,,직후영업일(경과이자없음),,,직후영업일(경과이자없음),후급,3,발행일,3,절사,일자기준,365일,2020-10-13,비매출,,,무기명,,,,,한국예탁결제원,중소기업은행,키움증권(주),,NICE신용평가, ,한국신용평가,한국기업평가,,DBFNFB,IBK CAPITAL/1.455 Bd 20220812 Sr,,,217-1,-1,['키움증권'],"['20,000']","['교보증권', '케이티비투자증권', '케이아이디비채권중개']","['10,000', '10,000', '10,000']"
60,1945,(주)아이비케이캐피탈,KR6019452A71,B019452A7,할부금융채권 (116250),,상장,활성,2020-07-14,,아이비케이캐피탈 217-2,IBK CAPITAL CORPORATION 217-2,회사채,,"50,000,000,000",2020-07-13,원화,2023-04-13,일반채권,무보증,,고정금리형-이표채,공모-간접발행,국내발행,NO,확정,1.561,,100,100,,,선순위,만기상환,NO,,NO,,,직후영업일(경과이자없음),,,직후영업일(경과이자없음),후급,3,발행일,3,절사,일자기준,,2020-10-13,비매출,,,무기명,,,,,한국예탁결제원,중소기업은행,키움증권(주),,NICE신용평가, ,한국신용평가,한국기업평가,,DBFNFB,IBK CAPITAL/1.561 Bd 20230413 Sr,,,217-2,-2,"['SK증권', '한양증권', '한국투자증권', '하이투자증권']","['20,000', '10,000', '10,000', '10,000']",[],[]
65,1945,(주)아이비케이캐피탈,KR6019453A70,B019453A7,할부금융채권 (116250),,상장,활성,2020-07-14,,아이비케이캐피탈 217-3,IBK CAPITAL CORPORATION 217-3,회사채,,"50,000,000,000",2020-07-13,원화,2023-08-11,일반채권,무보증,,고정금리형-이표채,공모-간접발행,국내발행,NO,확정,1.5919999999999999,,100,100,마지막이자 365 일할계산,,선순위,만기상환,NO,,NO,,,직후영업일(경과이자없음),,,직후영업일(경과이자없음),후급,3,발행일,3,절사,일자기준,365일,2020-10-13,비매출,,,무기명,,,,,한국예탁결제원,중소기업은행,키움증권(주),,NICE신용평가, ,한국신용평가,한국기업평가,,DBFNFB,IBK CAPITAL/1.592 Bd 20230811 Sr,,,217-3,-3,"['한양증권', '신영증권', '교보증권', '한화투자증권']","['20,000', '10,000', '10,000', '10,000']",[],[]
70,1945,(주)아이비케이캐피탈,KR6019454A79,B019454A7,할부금융채권 (116250),,상장,활성,2020-07-14,,아이비케이캐피탈 217-4,IBK CAPITAL CORPORATION 217-4,회사채,,"10,000,000,000",2020-07-13,원화,2025-07-11,일반채권,무보증,,고정금리형-이표채,공모-간접발행,국내발행,NO,확정,1.6980000000000002,,100,100,마지막이자 365 일할계산,,선순위,만기상환,NO,,NO,,,직후영업일(경과이자없음),,,직후영업일(경과이자없음),후급,3,발행일,3,절사,일자기준,365일,2020-10-13,비매출,,,무기명,,,,,한국예탁결제원,중소기업은행,키움증권(주),,NICE신용평가, ,한국신용평가,한국기업평가,,DBFNFB,IBK CAPITAL/1.698 Bd 20250711 Sr,,,217-4,-4,['흥국증권'],"['10,000']",[],[]
75,1945,(주)아이비케이캐피탈,KR6019455A78,B019455A7,할부금융채권 (116250),,상장,활성,2020-07-31,,아이비케이캐피탈 218-1,IBK CAPITAL CORPORATION 218-1,회사채,,"40,000,000,000",2020-07-30,원화,2023-01-30,일반채권,무보증,,고정금리형-이표채,공모-간접발행,국내발행,NO,확정,1.456,,100,100,,,선순위,만기상환,NO,,NO,,,직후영업일(경과이자없음),,,직후영업일(경과이자없음),후급,3,발행일,3,절사,일자기준,,2020-10-30,비매출,,,무기명,,,,,한국예탁결제원,중소기업은행,엔에이치투자증권(주),,NICE신용평가, ,한국신용평가,한국기업평가,,DBFNFB,IBK CAPITAL/1.456 Bd 20230130 Sr,,,218-1,-1,"['신영증권', '유진투자증권', '카카오페이증권', '교보증권']","['10,000', '10,000', '10,000', '10,000']",[],[]
79,1945,(주)아이비케이캐피탈,KR6019456A77,B019456A7,할부금융채권 (116250),,상장,활성,2020-07-31,,아이비케이캐피탈 218-2,IBK CAPITAL CORPORATION 218-2,회사채,,"30,000,000,000",2020-07-30,원화,2023-07-28,일반채권,무보증,,고정금리형-이표채,공모-간접발행,국내발행,NO,확정,1.538,,100,100,,,선순위,만기상환,NO,,NO,,,직후영업일(경과이자없음),,,직후영업일(경과이자없음),후급,3,발행일,3,절사,일자기준,365일,2020-10-30,비매출,,,무기명,,,,,한국예탁결제원,중소기업은행,엔에이치투자증권(주),,NICE신용평가, ,한국신용평가,한국기업평가,,DBFNFB,IBK CAPITAL/1.538 Bd 20230728 Sr,,,218-2,-2,['NH투자증권'],"['10,000']","['이베스트투자증권', '교보증권']","['10,000', '10,000']"
83,1945,(주)아이비케이캐피탈,KR6019457A76,B019457A7,할부금융채권 (116250),,상장,활성,2020-07-31,,아이비케이캐피탈 218-3,IBK CAPITAL CORPORATION 218-3,회사채,,"40,000,000,000",2020-07-30,원화,2024-01-30,일반채권,무보증,,고정금리형-이표채,공모-간접발행,국내발행,NO,확정,1.57,,100,100,,,선순위,만기상환,NO,,NO,,,직후영업일(경과이자없음),,,직후영업일(경과이자없음),후급,3,발행일,3,절사,일자기준,,2020-10-30,비매출,,,무기명,,,,,한국예탁결제원,중소기업은행,엔에이치투자증권(주),,NICE신용평가, ,한국신용평가,한국기업평가,,DBFNFB,IBK CAPITAL/1.570 Bd 20240130 Sr,,,218-3,-3,['NH투자증권'],"['10,000']","['한양증권', '현대차증권', '한화투자증권']","['10,000', '10,000', '10,000']"
56,1945,(주)아이비케이캐피탈,KR6019451A80,B019451A8,할부금융채권 (116250),,상장,활성,2020-08-13,,아이비케이캐피탈 219-1,IBK CAPITAL CORPORATION 219-1,회사채,,"30,000,000,000",2020-08-12,원화,2022-10-12,일반채권,무보증,,고정금리형-이표채,공모-간접발행,국내발행,NO,확정,1.314,,100,100,마지막이자 365 일할계산,,선순위,만기상환,NO,,NO,,,직후영업일(경과이자없음),,,직후영업일(경과이자없음),후급,3,발행일,3,절사,일자기준,365일,2020-11-12,비매출,,,무기명,,,,,한국예탁결제원,중소기업은행,KB증권(주),,NICE신용평가, ,한국신용평가,한국기업평가,,DBFNFB,IBK CAPITAL/1.314 Bd 20221012 Sr,,,219-1,-1,['KB증권'],"['10,000']","['부국증권', '한양증권']","['10,000', '10,000']"
61,1945,(주)아이비케이캐피탈,KR6019452A89,B019452A8,할부금융채권 (116250),,상장,활성,2020-08-13,,아이비케이캐피탈 219-2,IBK CAPITAL CORPORATION 219-2,회사채,,"50,000,000,000",2020-08-12,원화,2023-10-12,일반채권,무보증,,고정금리형-이표채,공모-간접발행,국내발행,NO,확정,1.501,,100,100,마지막이자365일할계산,,선순위,만기상환,NO,,NO,,,직후영업일(경과이자없음),,,직후영업일(경과이자없음),후급,3,발행일,3,절사,일자기준,365일,2020-11-12,비매출,,,무기명,,,,,한국예탁결제원,중소기업은행,KB증권(주),,NICE신용평가, ,한국신용평가,한국기업평가,,DBFNFB,IBK CAPITAL/1.501 Bd 20231012 Sr,,,219-2,-2,['KB증권'],"['10,000']","['부국증권', '현대차증권', '한국투자증권', '이베스트투자증권']","['10,000', '10,000', '10,000', '10,000']"
66,1945,(주)아이비케이캐피탈,KR6019453A88,B019453A8,할부금융채권 (116250),,상장,활성,2020-08-13,,아이비케이캐피탈 219-3,IBK CAPITAL CORPORATION 219-3,회사채,,"30,000,000,000",2020-08-12,원화,2024-02-12,일반채권,무보증,,고정금리형-이표채,공모-간접발행,국내발행,NO,확정,1.5419999999999998,,100,100,,,선순위,만기상환,NO,,NO,,,직후영업일(경과이자없음),,,직후영업일(경과이자없음),후급,3,발행일,3,절사,일자기준,,2020-11-12,비매출,,,무기명,,,,,한국예탁결제원,중소기업은행,KB증권(주),,NICE신용평가, ,한국신용평가,한국기업평가,,DBFNFB,IBK CAPITAL/1.542 Bd 20240212 Sr,,,219-3,-3,"['부국증권', '현대차증권', '케이티비투자증권']","['10,000', '10,000', '10,000']",[],[]
71,1945,(주)아이비케이캐피탈,KR6019454A87,B019454A8,할부금융채권 (116250),,상장,활성,2020-08-13,,아이비케이캐피탈 219-4,IBK CAPITAL CORPORATION 219-4,회사채,,"30,000,000,000",2020-08-12,원화,2024-03-12,일반채권,무보증,,고정금리형-이표채,공모-간접발행,국내발행,NO,확정,1.547,,100,100,마지막이자365일할계산,,선순위,만기상환,NO,,NO,,,직후영업일(경과이자없음),,,직후영업일(경과이자없음),후급,3,발행일,3,절사,일자기준,365일,2020-11-12,비매출,,,무기명,,,,,한국예탁결제원,중소기업은행,KB증권(주),,NICE신용평가, ,한국신용평가,한국기업평가,,DBFNFB,IBK CAPITAL/1.547 Bd 20240312 Sr,,,219-4,-4,"['이베스트투자증권', 'NH투자증권']","['10,000', '20,000']",[],[]
76,1945,(주)아이비케이캐피탈,KR6019455A86,B019455A8,할부금융채권 (116250),,상장,활성,2020-08-13,,아이비케이캐피탈 219-5,IBK CAPITAL CORPORATION 219-5,회사채,,"20,000,000,000",2020-08-12,원화,2025-08-12,일반채권,무보증,,고정금리형-이표채,공모-간접발행,국내발행,NO,확정,1.663,,100,100,,,선순위,만기상환,NO,,NO,,,직후영업일(경과이자없음),,,직후영업일(경과이자없음),후급,3,발행일,3,절사,일자기준,,2020-11-12,비매출,,,무기명,,,,,한국예탁결제원,중소기업은행,KB증권(주),,NICE신용평가, ,한국신용평가,한국기업평가,,DBFNFB,IBK CAPITAL/1.663 Bd 20250812 Sr,,,219-5,-5,"['부국증권', '교보증권']","['10,000', '10,000']",[],[]
80,1945,(주)아이비케이캐피탈,KR6019456A85,B019456A8,할부금융채권 (116250),,상장,활성,2020-08-28,,아이비케이캐피탈 220-1,IBK CAPITAL CORPORATION 220-1,회사채,,"20,000,000,000",2020-08-27,원화,2022-02-25,일반채권,무보증,,고정금리형-이표채,공모-간접발행,국내발행,NO,확정,1.182,,100,100,,,선순위,만기상환,NO,,NO,,,직후영업일(경과이자없음),,,직후영업일(경과이자없음),후급,3,발행일,3,절사,일자기준,365일,2020-11-27,비매출,,,무기명,,,,,한국예탁결제원,중소기업은행,KB증권(주),,NICE신용평가, ,한국신용평가,한국기업평가,,DBFNFB,IBK CAPITAL/1.182 Bd 20220225 Sr,,,220-1,-1,"['SK증권', '한양증권']","['10,000', '10,000']",[],[]
84,1945,(주)아이비케이캐피탈,KR6019457A84,B019457A8,할부금융채권 (116250),,상장,활성,2020-08-28,,아이비케이캐피탈 220-2,IBK CAPITAL CORPORATION 220-2,회사채,,"40,000,000,000",2020-08-27,원화,2022-08-26,일반채권,무보증,,고정금리형-이표채,공모-간접발행,국내발행,NO,확정,1.286,,100,100,,,선순위,만기상환,NO,,NO,,,직후영업일(경과이자없음),,,직후영업일(경과이자없음),후급,3,발행일,3,절사,일자기준,365일,2020-11-27,비매출,,,무기명,,,,,한국예탁결제원,중소기업은행,KB증권(주),,NICE신용평가, ,한국신용평가,한국기업평가,,DBFNFB,IBK CAPITAL/1.286 Bd 20220826 Sr,,,220-2,-2,"['한양증권', 'NH투자증권', '유진투자증권', '흥국증권']","['10,000', '10,000', '10,000', '10,000']",[],[]
87,1945,(주)아이비케이캐피탈,KR6019458A83,B019458A8,할부금융채권 (116250),,상장,활성,2020-08-28,,아이비케이캐피탈 220-3,IBK CAPITAL CORPORATION 220-3,회사채,,"30,000,000,000",2020-08-27,원화,2023-02-27,일반채권,무보증,,고정금리형-이표채,공모-간접발행,국내발행,NO,확정,1.376,,100,100,,,선순위,만기상환,NO,,NO,,,직후영업일(경과이자없음),,,직후영업일(경과이자없음),후급,3,발행일,3,절사,일자기준,,2020-11-27,비매출,,,무기명,,,,,한국예탁결제원,중소기업은행,KB증권(주),,NICE신용평가, ,한국신용평가,한국기업평가,,DBFNFB,IBK CAPITAL/1.376 Bd 20230227 Sr,,,220-3,-3,"['한양증권', '부국증권']","['10,000', '20,000']",[],[]
90,1945,(주)아이비케이캐피탈,KR6019459A82,B019459A8,할부금융채권 (116250),,상장,활성,2020-08-28,,아이비케이캐피탈 220-4,IBK CAPITAL CORPORATION 220-4,회사채,,"70,000,000,000",2020-08-27,원화,2023-11-27,일반채권,무보증,,고정금리형-이표채,공모-간접발행,국내발행,NO,확정,1.5030000000000001,,100,100,,,선순위,만기상환,NO,,NO,,,직후영업일(경과이자없음),,,직후영업일(경과이자없음),후급,3,발행일,3,절사,일자기준,,2020-11-27,비매출,,,무기명,,,,,한국예탁결제원,중소기업은행,KB증권(주),,NICE신용평가, ,한국신용평가,한국기업평가,,DBFNFB,IBK CAPITAL/1.503 Bd 20231127 Sr,,,220-4,-4,['KB증권'],"['10,000']","['한양증권', 'NH투자증권', '흥국증권', '신한금융투자']","['20,000', '10,000', '10,000', '20,000']"
93,1945,(주)아이비케이캐피탈,KR601945AA87,B01945AA8,할부금융채권 (116250),,상장,활성,2020-08-28,,아이비케이캐피탈 220-5,IBK CAPITAL CORPORATION 220-5,회사채,,"30,000,000,000",2020-08-27,원화,2025-08-27,일반채권,무보증,,고정금리형-이표채,공모-간접발행,국내발행,NO,확정,1.659,,100,100,,,선순위,만기상환,NO,,NO,,,직후영업일(경과이자없음),,,직후영업일(경과이자없음),후급,3,발행일,3,절사,일자기준,,2020-11-27,비매출,,,무기명,,,,,한국예탁결제원,중소기업은행,KB증권(주),,NICE신용평가, ,한국신용평가,한국기업평가,,DBFNFB,IBK CAPITAL/1.659 Bd 20250827 Sr,,,220-5,-5,"['부국증권', '케이아이디비채권중개', '이베스트투자증권']","['10,000', '10,000', '10,000']",[],[]
57,1945,(주)아이비케이캐피탈,KR6019451A98,B019451A9,할부금융채권 (116250),,상장,활성,2020-09-16,,아이비케이캐피탈 221-1,IBK CAPITAL CORPORATION 221-1,회사채,,"60,000,000,000",2020-09-15,원화,2022-01-14,일반채권,무보증,,고정금리형-이표채,공모-간접발행,국내발행,NO,확정,1.2690000000000001,,100,100,,,선순위,만기상환,NO,,NO,,,직후영업일(경과이자없음),,,직후영업일(경과이자없음),후급,3,발행일,3,절사,일자기준,365일,2020-12-15,비매출,,,무기명,,,,,한국예탁결제원,중소기업은행,미래에셋대우(주),,NICE신용평가, ,한국신용평가,한국기업평가,,DBFNFB,IBK CAPITAL/1.269 Bd 20220114 Sr,,,221-1,-1,['교보증권'],"['60,000']",[],[]
62,1945,(주)아이비케이캐피탈,KR6019452A97,B019452A9,할부금융채권 (116250),,상장,활성,2020-09-16,,아이비케이캐피탈 221-2,IBK CAPITAL CORPORATION 221-2,회사채,,"40,000,000,000",2020-09-15,원화,2022-09-15,일반채권,무보증,,고정금리형-이표채,공모-간접발행,국내발행,NO,확정,1.4409999999999998,,100,100,,,선순위,만기상환,NO,,NO,,,직후영업일(경과이자없음),,,직후영업일(경과이자없음),후급,3,발행일,3,절사,일자기준,,2020-12-15,비매출,,,무기명,,,,,한국예탁결제원,중소기업은행,미래에셋대우(주),,NICE신용평가, ,한국신용평가,한국기업평가,,DBFNFB,IBK CAPITAL/1.441 Bd 20220915 Sr,,,221-2,-2,['미래에셋대우'],"['10,000']","['한양증권', 'SK증권']","['20,000', '10,000']"
67,1945,(주)아이비케이캐피탈,KR6019453A96,B019453A9,할부금융채권 (116250),,상장,활성,2020-09-16,,아이비케이캐피탈 221-3,IBK CAPITAL CORPORATION 221-3,회사채,,"20,000,000,000",2020-09-15,원화,2023-09-15,일반채권,무보증,,고정금리형-이표채,공모-간접발행,국내발행,NO,확정,1.624,,100,100,,,선순위,만기상환,NO,,NO,,,직후영업일(경과이자없음),,,직후영업일(경과이자없음),후급,3,발행일,3,절사,일자기준,,2020-12-15,비매출,,,무기명,,,,,한국예탁결제원,중소기업은행,미래에셋대우(주),,NICE신용평가, ,한국신용평가,한국기업평가,,DBFNFB,IBK CAPITAL/1.624 Bd 20230915 Sr,,,221-3,-3,['미래에셋대우'],"['10,000']",['흥국증권'],"['10,000']"
72,1945,(주)아이비케이캐피탈,KR6019454A95,B019454A9,할부금융채권 (116250),,상장,활성,2020-09-16,,아이비케이캐피탈 221-4,IBK CAPITAL CORPORATION 221-4,회사채,,"30,000,000,000",2020-09-15,원화,2025-09-15,일반채권,무보증,,고정금리형-이표채,공모-간접발행,국내발행,NO,확정,1.771,,100,100,,,선순위,만기상환,NO,,NO,,,직후영업일(경과이자없음),,,직후영업일(경과이자없음),후급,3,발행일,3,절사,일자기준,,2020-12-15,비매출,,,무기명,,,,,한국예탁결제원,중소기업은행,미래에셋대우(주),,NICE신용평가, ,한국신용평가,한국기업평가,,DBFNFB,IBK CAPITAL/1.771 Bd 20250915 Sr,,,221-4,-4,"['부국증권', '신영증권']","['20,000', '10,000']",[],[]
24,869,(주)한양,KR6008691A67,B008691A6,일반사채 (116100),,상장,활성,2020-06-10,,한양 64,HAN YANG 64,회사채,,"20,000,000,000",2020-06-09,원화,2022-06-09,일반채권,무보증,,고정금리형-이표채,공모-간접발행,국내발행,NO,확정,4.002,,100,100,,,선순위,만기상환,NO,,NO,,,직후영업일(경과이자없음),,,직후영업일(경과이자없음),후급,3,발행일,3,절사,일자기준,,2020-09-09,비매출,,,무기명,,,,,한국예탁결제원,(주)국민은행,신영증권(주),,, ,한국신용평가,한국기업평가,,DBFUFB,HANYANG/4.002 Bd 20220609 Sr Ungtd,,,64,,['신영증권'],"['20,000,000,000']",[],[]
25,877,(주)호텔신라,KR6008771A45,B008771A4,일반사채 (116100),,상장,활성,2020-04-24,,호텔신라 71-1,HOTEL SHILLA 71-1,회사채,,"260,000,000,000",2020-04-24,원화,2023-04-24,일반채권,무보증,,고정금리형-이표채,공모-간접발행,국내발행,NO,확정,2.293,,100,100,,,선순위,만기상환,NO,,NO,,,직후영업일(경과이자없음),,,직후영업일(경과이자없음),후급,3,발행일,3,절사,일자기준,,2020-07-24,비매출,,,무기명,,,,,한국예탁결제원,(주)우리은행,엔에이치투자증권(주),,, ,한국신용평가,한국기업평가,,DBFNFB,HTL SHILLA/ Bd 20230424 Sr Ungtd,,,71-1,1,"['KB증권', 'NH투자증권']","['33,500,000,000', '29,000,000,000']","['삼성증권', '신한금융투자', '한국산업은행']","['35,000,000,000', '22,500,000,000', '140,000,000,000']"
26,877,(주)호텔신라,KR6008772A44,B008772A4,일반사채 (116100),,상장,활성,2020-04-24,,호텔신라 71-2,HOTEL SHILLA 71-2,회사채,,"40,000,000,000",2020-04-24,원화,2025-04-24,일반채권,무보증,,고정금리형-이표채,공모-간접발행,국내발행,NO,확정,2.414,,100,100,,,선순위,만기상환,NO,,NO,,,직후영업일(경과이자없음),,,직후영업일(경과이자없음),후급,3,발행일,3,절사,일자기준,,2020-07-24,비매출,,,무기명,,,,,한국예탁결제원,(주)우리은행,엔에이치투자증권(주),,, ,한국신용평가,한국기업평가,,DBFNFB,HTL SHILLA/ Bd 20250424 Sr Ungtd,,,71-2,2,"['KB증권', 'NH투자증권']","['27,000,000,000', '13,000,000,000']",[],[]
27,877,(주)호텔신라,KR6008773A43,B008773A4,일반사채 (116100),,상장,활성,2020-04-24,,호텔신라 71-3,HOTEL SHILLA 71-3,회사채,,"50,000,000,000",2020-04-24,원화,2030-04-24,일반채권,무보증,,고정금리형-이표채,공모-간접발행,국내발행,NO,확정,3.014,,100,100,,,선순위,만기상환,NO,,NO,,,직후영업일(경과이자없음),,,직후영업일(경과이자없음),후급,3,발행일,3,절사,일자기준,,2020-07-24,비매출,,,무기명,,,,,한국예탁결제원,(주)우리은행,엔에이치투자증권(주),,, ,한국신용평가,한국기업평가,,DBFNFB,HTL SHILLA/ Bd 20300424 Sr Ungtd,,,71-3,3,"['KB증권', 'NH투자증권']","['4,500,000,000', '23,000,000,000']",['한국투자증권'],"['22,500,000,000']"
29,1006,OCI(주),KR6010061A73,B010061A7,일반사채 (116100),,상장,활성,2020-07-02,,OCI 85,OCI 85,회사채,,"80,000,000,000",2020-07-02,원화,2023-07-02,일반채권,무보증,,고정금리형-이표채,공모-간접발행,국내발행,NO,확정,3.031,,100,100,,,선순위,만기상환,NO,,NO,,,직후영업일(경과이자없음),,,직후영업일(경과이자없음),후급,3,발행일,3,절사,일자기준,,2020-10-02,비매출,,,무기명,,,,,한국예탁결제원,(주)신한은행,한국투자증권(주),,NICE신용평가, ,한국신용평가,,,DBFNFB,OCI/ Bd 20230702 Sr Ungtd,,,85,,"['NH투자증권', 'KB증권', '한국투자증권', '한국산업은행', '키움증권', 'DB금융투자', '미래에셋대우']","['10,000,000,000', '10,000,000,000', '7,000,000,000', '40,000,000,000', '5,000,000,000', '5,000,000,000', '3,000,000,000']",[],[]
31,1095,S-Oil(주),KR6010951A84,B010951A8,일반사채 (116100),,상장,활성,2020-08-28,,S-Oil 57-1,SOIL CORPORATION 57-1,회사채,,"340,000,000,000",2020-08-28,원화,2023-08-28,일반채권,무보증,,고정금리형-이표채,공모-간접발행,국내발행,NO,확정,1.401,,100,100,,,선순위,만기상환,NO,,NO,,,직후영업일(경과이자없음),,,직후영업일(경과이자없음),후급,3,발행일,3,절사,일자기준,,2020-11-28,비매출,,,무기명,,,,,한국예탁결제원,(주)신한은행,엔에이치투자증권(주),,NICE신용평가, ,한국신용평가,한국기업평가,,DBFNFB,S-Oil/ Bd 20230828 Sr Ungtd,,,57-1,1,"['미래에셋대우', 'NH투자증권', '신한금융투자', 'KB증권']","['90,000,000,000', '40,000,000,000', '30,000,000,000', '110,000,000,000']","['삼성증권', '한국투자증권', '하나금융투자']","['40,000,000,000', '20,000,000,000', '10,000,000,000']"
32,1095,S-Oil(주),KR6010952A83,B010952A8,일반사채 (116100),,상장,활성,2020-08-28,,S-Oil 57-2,SOIL CORPORATION 57-2,회사채,,"40,000,000,000",2020-08-28,원화,2025-08-28,일반채권,무보증,,고정금리형-이표채,공모-간접발행,국내발행,NO,확정,1.639,,100,100,,,선순위,만기상환,NO,,NO,,,직후영업일(경과이자없음),,,직후영업일(경과이자없음),후급,3,발행일,3,절사,일자기준,,2020-11-28,비매출,,,무기명,,,,,한국예탁결제원,(주)신한은행,엔에이치투자증권(주),,NICE신용평가, ,한국신용평가,한국기업평가,,DBFNFB,S-Oil/ Bd 20250828 Sr Ungtd,,,57-2,2,"['NH투자증권', 'KB증권']","['10,000,000,000', '30,000,000,000']",[],[]
33,1095,S-Oil(주),KR6010953A82,B010953A8,일반사채 (116100),,상장,활성,2020-08-28,,S-Oil 57-3,SOIL CORPORATION 57-3,회사채,,"40,000,000,000",2020-08-28,원화,2030-08-28,일반채권,무보증,,고정금리형-이표채,공모-간접발행,국내발행,NO,확정,1.817,,100,100,,,선순위,만기상환,NO,,NO,,,직후영업일(경과이자없음),,,직후영업일(경과이자없음),후급,3,발행일,3,절사,일자기준,,2020-11-28,비매출,,,무기명,,,,,한국예탁결제원,(주)신한은행,엔에이치투자증권(주),,NICE신용평가, ,한국신용평가,한국기업평가,,DBFNFB,S-Oil/ Bd 20300828 Sr Ungtd,,,57-3,3,"['미래에셋대우', 'NH투자증권', '신한금융투자']","['10,000,000,000', '20,000,000,000', '10,000,000,000']",[],[]
39,1179,SKC(주),KR6011791A52,B011791A5,일반사채 (116100),,상장,활성,2020-05-28,,SKC 142-1,SKC 142-1,회사채,,"105,000,000,000",2020-05-28,원화,2022-05-28,일반채권,무보증,,고정금리형-이표채,공모-간접발행,국내발행,NO,확정,2.323,,100,100,,,선순위,만기상환,NO,,NO,,,직후영업일(경과이자없음),,,직후영업일(경과이자없음),후급,3,발행일,3,절사,일자기준,,2020-08-28,비매출,,,무기명,,,,,한국예탁결제원,(주)하나은행,엔에이치투자증권(주),,NICE신용평가, ,한국신용평가,한국기업평가,,DBFUFB,SKC/ Bd 20220528 Sr Ungtd,,,142-1,-1,"['삼성증권', 'NH투자증권', 'SK증권', '신영증권', '현대차증권']","['40,000,000,000', '30,000,000,000', '15,000,000,000', '10,000,000,000', '10,000,000,000']",[],[]
40,1179,SKC(주),KR6011792A51,B011792A5,일반사채 (116100),,상장,활성,2020-05-28,,SKC 142-2,SKC 142-2,회사채,,"95,000,000,000",2020-05-28,원화,2025-05-28,일반채권,무보증,,고정금리형-이표채,공모-간접발행,국내발행,NO,확정,2.5660000000000003,,100,100,,,선순위,만기상환,NO,,NO,,,직후영업일(경과이자없음),,,직후영업일(경과이자없음),후급,3,발행일,3,절사,일자기준,,2020-08-28,비매출,,,무기명,,,,,한국예탁결제원,(주)하나은행,엔에이치투자증권(주),,NICE신용평가, ,한국신용평가,한국기업평가,,DBFUFB,SKC/ Bd 20250528 Sr Ungtd,,,142-2,-2,"['NH투자증권', 'SK증권', '하이투자증권', '키움증권']","['30,000,000,000', '45,000,000,000', '10,000,000,000', '10,000,000,000']",[],[]
47,1867,SK가스(주),KR6018671A60,B018671A6,일반사채 (116100),,상장,활성,2020-06-19,,SK가스 37-1,SK GAS 37-1,회사채,,"100,000,000,000",2020-06-19,원화,2023-06-19,일반채권,무보증,,고정금리형-이표채,공모-간접발행,국내발행,NO,확정,1.455,,100,100,,,선순위,만기상환,NO,,NO,,,직후영업일(경과이자없음),,,직후영업일(경과이자없음),후급,3,발행일,3,절사,일자기준,,2020-09-19,비매출,,,무기명,,,,,한국예탁결제원,(주)하나은행,엔에이치투자증권(주),,NICE신용평가, ,한국신용평가,한국기업평가,,DBFUFB,SK GAS/ Bd 20230619 Sr Ungtd,,,37-1,1,"['NH투자증권', 'SK증권']","['25,000,000,000', '30,000,000,000']","['대신증권', '신한금융투자', '한화투자증권', '하이투자증권']","['20,000,000,000', '10,000,000,000', '10,000,000,000', '5,000,000,000']"
48,1867,SK가스(주),KR6018672A69,B018672A6,일반사채 (116100),,상장,활성,2020-06-19,,SK가스 37-2,SK GAS 37-2,회사채,,"60,000,000,000",2020-06-19,원화,2025-06-19,일반채권,무보증,,고정금리형-이표채,공모-간접발행,국내발행,NO,확정,1.7,,100,100,,,선순위,만기상환,NO,,NO,,,직후영업일(경과이자없음),,,직후영업일(경과이자없음),후급,3,발행일,3,절사,일자기준,,2020-09-19,비매출,,,무기명,,,,,한국예탁결제원,(주)하나은행,엔에이치투자증권(주),,NICE신용평가, ,한국신용평가,한국기업평가,,DBFUFB,SK GAS/ Bd 20250619 Sr Ungtd,,,37-2,2,"['NH투자증권', 'SK증권']","['25,000,000,000', '20,000,000,000']","['하이투자증권', '키움증권']","['5,000,000,000', '10,000,000,000']"
49,1867,SK가스(주),KR6018673A68,B018673A6,일반사채 (116100),,상장,활성,2020-06-19,,SK가스 37-3,SK GAS 37-3,회사채,,"90,000,000,000",2020-06-19,원화,2027-06-19,일반채권,무보증,,고정금리형-이표채,공모-간접발행,국내발행,NO,확정,1.956,,100,100,,,선순위,만기상환,NO,,NO,,,직후영업일(경과이자없음),,,직후영업일(경과이자없음),후급,3,발행일,3,절사,일자기준,,2020-09-19,비매출,,,무기명,,,,,한국예탁결제원,(주)하나은행,엔에이치투자증권(주),,NICE신용평가, ,한국신용평가,한국기업평가,,DBFUFB,SK GAS/ Bd 20270619 Sr Ungtd,,,37-3,3,"['NH투자증권', 'SK증권']","['40,000,000,000', '50,000,000,000']",[],[]
37,1117,롯데케미칼(주),KR6011171A78,B011171A7,일반사채 (116100),,상장,활성,2020-07-28,,롯데케미칼 56-1,LOTTE CHEMICAL 56-1,회사채,,"200,000,000,000",2020-07-28,원화,2023-07-28,일반채권,무보증,,고정금리형-이표채,공모-간접발행,국내발행,NO,확정,1.35,,100,100,,,선순위,만기상환,NO,,NO,,,직후영업일(경과이자없음),,,직후영업일(경과이자없음),후급,3,발행일,3,절사,일자기준,,2020-10-28,비매출,,,무기명,,,,,한국예탁결제원,(주)한국스탠다드차타드은행,미래에셋대우(주),,NICE신용평가, ,한국신용평가,,,DBFUFB,LOTTE CHEMICAL/ Bd 20230728 Sr,,,56-1,1,"['KB증권', 'NH투자증권', '한국투자증권', '미래에셋대우', '삼성증권', '현대차증권', '대신증권', '유안타증권', 'SK증권', '신한금융투자']","['30,000,000,000', '30,000,000,000', '30,000,000,000', '40,000,000,000', '20,000,000,000', '10,000,000,000', '10,000,000,000', '10,000,000,000', '10,000,000,000', '10,000,000,000']",[],[]
38,1117,롯데케미칼(주),KR6011172A77,B011172A7,일반사채 (116100),,상장,활성,2020-07-28,,롯데케미칼 56-2,LOTTE CHEMICAL 56-2,회사채,,"100,000,000,000",2020-07-28,원화,2025-07-28,일반채권,무보증,,고정금리형-이표채,공모-간접발행,국내발행,NO,확정,1.535,,100,100,,,선순위,만기상환,NO,,NO,,,직후영업일(경과이자없음),,,직후영업일(경과이자없음),후급,3,발행일,3,절사,일자기준,,2020-10-28,비매출,,,무기명,,,,,한국예탁결제원,(주)한국스탠다드차타드은행,미래에셋대우(주),,NICE신용평가, ,한국신용평가,,,DBFUFB,LOTTE CHEMICAL/ Bd 20250728 Sr,,,56-2,2,"['KB증권', 'NH투자증권', '한국투자증권', '미래에셋대우', '키움증권', '하나금융투자']","['20,000,000,000', '20,000,000,000', '20,000,000,000', '10,000,000,000', '20,000,000,000', '10,000,000,000']",[],[]
20,856,메리츠증권(주),KR6008561A49,B008561A4,일반사채 (116100),,상장,활성,2020-04-27,,메리츠증권 2004-1,MERITZ SECURITIES 2004-1,회사채,,"200,000,000,000",2020-04-27,원화,2021-04-27,일반채권,무보증,,고정금리형-이표채,공모-간접발행,국내발행,NO,확정,2.85,,100,100,,,선순위,만기상환,NO,,NO,,,직후영업일(경과이자없음),,,직후영업일(경과이자없음),후급,3,발행일,3,절사,일자기준,,2020-07-27,비매출,,,무기명,,,,,한국예탁결제원,(주)우리은행,KB증권(주),,NICE신용평가, ,한국신용평가,,,DBFNFB,MERITZ SECU/2.85 Bd 20210427 Sr,,,2004-1,4-1,[[]],[[]],[[]],[[]]
21,856,메리츠증권(주),KR6008561A56,B008561A5,일반사채 (116100),,상장,활성,2020-05-25,,메리츠증권 2005-1,MERITZ SECURITIES 2005-1,회사채,,"300,000,000,000",2020-05-22,원화,2022-05-20,일반채권,무보증,,고정금리형-이표채,공모-간접발행,국내발행,NO,확정,3.05,,100,100,,,선순위,만기상환,NO,,NO,,,직후영업일(경과이자없음),,,직후영업일(경과이자없음),후급,3,발행일,3,절사,일자기준,365일,2020-08-22,비매출,,,무기명,,,,,한국예탁결제원,(주)우리은행,KB증권(주),,NICE신용평가, ,한국신용평가,,,DBFNFB,MERITZ SECU/3.05 Bd 20220520 Sr,,,2005-1,5-1,['KB증권'],"['150,000,000,000']",['하나금융투자'],"['150,000,000,000']"
22,856,메리츠증권(주),KR6008561A64,B008561A6,일반사채 (116100),,상장,활성,2020-06-29,,메리츠증권 2006-1,MERITZ SECURITIES 2006-1,회사채,,"40,000,000,000",2020-06-26,원화,2022-01-26,일반채권,무보증,,고정금리형-이표채,공모-간접발행,국내발행,NO,확정,1.7,,100,100,,,선순위,만기상환,NO,,NO,,,직후영업일(경과이자없음),,,직후영업일(경과이자없음),후급,3,발행일,3,절사,일자기준,365일,2020-09-26,비매출,,,무기명,,,,,한국예탁결제원,(주)우리은행,KB증권(주),,NICE신용평가, ,한국신용평가,,,DBFNFB,MERITZ SECU/1.70 Bd 20220126 Sr,,,2006-1,6-1,['KB증권'],"['40,000,000,000']",[],[]
23,856,메리츠증권(주),KR6008561A98,B008561A9,일반사채 (116100),,상장,활성,2020-09-17,,메리츠증권 2009-1,MERITZ SECURITIES 2009-1,회사채,,"160,000,000,000",2020-09-16,원화,2022-03-16,일반채권,무보증,,고정금리형-이표채,공모-간접발행,국내발행,NO,확정,1.655,,100,100,,,선순위,만기상환,NO,,NO,,,직후영업일(경과이자없음),,,직후영업일(경과이자없음),후급,3,발행일,3,절사,일자기준,,2020-12-16,비매출,,,무기명,,,,,한국예탁결제원,(주)우리은행,KB증권(주),,NICE신용평가, ,한국신용평가,,,DBFNFB,MERITZ SECU/1.655 Bd 20220316 Sr,,,2009-1,9-1,"['KB증권', '한양증권']","['80,000,000,000', '80,000,000,000']",[],[]
0,827,산은캐피탈(주),KR6008272A49,B008272A4,리스채권 (116230),,상장,활성,2020-04-29,,산은캐피탈 643-2,KDB CAPITAL CORPORATION 643-2,회사채,,"10,000,000,000",2020-04-28,원화,2021-07-28,일반채권,무보증,,고정금리형-이표채,공모-간접발행,국내발행,NO,확정,1.7919999999999998,,100,100,,,선순위,만기상환,NO,,NO,,,직후영업일(경과이자없음),,,직후영업일(경과이자없음),후급,3,발행일,3,절사,일자기준,,2020-07-28,비매출,,,무기명,,,,,한국예탁결제원,한국산업은행,한양증권(주),,NICE신용평가, ,한국신용평가,한국기업평가,,DBFNFB,KDB CAPITAL/1.792 Bd 20210728 Sr,,,643-2,-2,['한양증권'],"['10,000,000,000']","['이베스트투자증권', '케이티비투자증권']","['50,000,000,000', '100,000,000,0000']"
1,827,산은캐피탈(주),KR6008272A56,B008272A5,리스채권 (116230),,상장,활성,2020-05-11,,산은캐피탈 644-2,KDB CAPITAL CORPORATION 644-2,회사채,,"10,000,000,000",2020-05-08,원화,2021-11-05,일반채권,무보증,,고정금리형-이표채,공모-간접발행,국내발행,NO,확정,1.76,,100,100,,,선순위,만기상환,NO,,NO,,,직후영업일(경과이자없음),,,직후영업일(경과이자없음),후급,3,발행일,3,절사,일자기준,365일,2020-08-08,비매출,,,무기명,,,,,한국예탁결제원,한국산업은행,미래에셋대우(주),,NICE신용평가, ,한국신용평가,한국기업평가,,DBFNFB,KDB CAPITAL/1.760 Bd 20211105 Sr,,,644-2,-2,['한양증권'],"['10,000,000,000']",[],[]
5,827,산은캐피탈(주),KR6008273A55,B008273A5,리스채권 (116230),,상장,활성,2020-05-11,,산은캐피탈 644-3,KDB CAPITAL CORPORATION 644-3,회사채,,"50,000,000,000",2020-05-08,원화,2021-11-08,일반채권,무보증,,고정금리형-이표채,공모-간접발행,국내발행,NO,확정,1.76,,100,100,,,선순위,만기상환,NO,,NO,,,직후영업일(경과이자없음),,,직후영업일(경과이자없음),후급,3,발행일,3,절사,일자기준,,2020-08-08,비매출,,,무기명,,,,,한국예탁결제원,한국산업은행,미래에셋대우(주),,NICE신용평가, ,한국신용평가,한국기업평가,,DBFNFB,KDB CAPITAL/1.760 Bd 20211108 Sr,,,644-3,-3,['미래에셋대우'],"['10,000,000,000']",[],[]
8,827,산은캐피탈(주),KR6008274A54,B008274A5,리스채권 (116230),,상장,활성,2020-05-11,,산은캐피탈 644-4,KDB CAPITAL CORPORATION 644-4,회사채,,"20,000,000,000",2020-05-08,원화,2022-01-07,일반채권,무보증,,고정금리형-이표채,공모-간접발행,국내발행,NO,확정,1.765,,100,100,,,선순위,만기상환,NO,,NO,,,직후영업일(경과이자없음),,,직후영업일(경과이자없음),후급,3,발행일,3,절사,일자기준,365일,2020-08-08,비매출,,,무기명,,,,,한국예탁결제원,한국산업은행,미래에셋대우(주),,NICE신용평가, ,한국신용평가,한국기업평가,,DBFNFB,KDB CAPITAL/1.765 Bd 20220107 Sr,,,644-4,-4,"['한양증권', '삼성증권', '이베스트투자증권']","['20,000,000,000', '10,000,000,000', '20,000,000,000']",[],[]
11,827,산은캐피탈(주),KR6008275A53,B008275A5,리스채권 (116230),,상장,활성,2020-05-11,,산은캐피탈 644-5,KDB CAPITAL CORPORATION 644-5,회사채,,"10,000,000,000",2020-05-08,원화,2022-05-06,일반채권,무보증,,고정금리형-이표채,공모-간접발행,국내발행,NO,확정,1.775,,100,100,,,선순위,만기상환,NO,,NO,,,직후영업일(경과이자없음),,,직후영업일(경과이자없음),후급,3,발행일,3,절사,일자기준,365일,2020-08-08,비매출,,,무기명,,,,,한국예탁결제원,한국산업은행,미래에셋대우(주),,NICE신용평가, ,한국신용평가,한국기업평가,,DBFNFB,KDB CAPITAL/1.775 Bd 20220506 Sr,,,644-5,-5,['디에스투자증권'],"['20,000,000,000']",[],[]
13,827,산은캐피탈(주),KR6008276A52,B008276A5,리스채권 (116230),,상장,활성,2020-05-13,,산은캐피탈 645-1,KDB CAPITAL CORPORATION 645-1,회사채,,"10,000,000,000",2020-05-12,원화,2021-11-12,일반채권,무보증,,고정금리형-이표채,공모-간접발행,국내발행,NO,확정,1.724,,100,100,,,선순위,만기상환,NO,,NO,,,직후영업일(경과이자없음),,,직후영업일(경과이자없음),후급,3,발행일,3,절사,일자기준,365일,2020-08-12,비매출,,,무기명,,,,,한국예탁결제원,한국산업은행,SK증권(주),,NICE신용평가, ,한국신용평가,한국기업평가,,DBFNFB,KDB CAPITAL/1.724 Bd 20211112 Sr,,,645-1,-1,['이베스트투자증권'],"['10,000,000,000']",[],[]
15,827,산은캐피탈(주),KR6008277A51,B008277A5,리스채권 (116230),,상장,활성,2020-05-13,,산은캐피탈 645-2,KDB CAPITAL CORPORATION 645-2,회사채,,"10,000,000,000",2020-05-12,원화,2022-04-12,일반채권,무보증,,고정금리형-이표채,공모-간접발행,국내발행,NO,확정,1.7369999999999999,,100,100,,,선순위,만기상환,NO,,NO,,,직후영업일(경과이자없음),,,직후영업일(경과이자없음),후급,3,발행일,3,절사,일자기준,365일,2020-08-12,비매출,,,무기명,,,,,한국예탁결제원,한국산업은행,SK증권(주),,NICE신용평가, ,한국신용평가,한국기업평가,,DBFNFB,KDB CAPITAL/1.737 Bd 20220412 Sr,,,645-2,-2,['케이프투자증권'],"['10,000,000,000']",[],[]
16,827,산은캐피탈(주),KR6008278A50,B008278A5,리스채권 (116230),,상장,활성,2020-05-13,,산은캐피탈 645-3,KDB CAPITAL CORPORATION 645-3,회사채,,"30,000,000,000",2020-05-12,원화,2022-05-12,일반채권,무보증,,고정금리형-이표채,공모-간접발행,국내발행,NO,확정,1.74,,100,100,,,선순위,만기상환,NO,,NO,,,직후영업일(경과이자없음),,,직후영업일(경과이자없음),후급,3,발행일,3,절사,일자기준,365일,2020-08-12,비매출,,,무기명,,,,,한국예탁결제원,한국산업은행,SK증권(주),,NICE신용평가, ,한국신용평가,한국기업평가,,DBFNFB,KDB CAPITAL/1.740 Bd 20220512 Sr,,,645-3,-3,['SK증권'],"['10,000,000,000']",['이베스트투자증권'],"['20,000,000,000']"
17,827,산은캐피탈(주),KR6008279A59,B008279A5,리스채권 (116230),,상장,활성,2020-05-25,,산은캐피탈 646-1,KDB CAPITAL CORPORATION 646-1,회사채,,"30,000,000,000",2020-05-22,원화,2021-11-22,일반채권,무보증,,고정금리형-이표채,공모-간접발행,국내발행,NO,확정,1.6159999999999999,,100,100,,,선순위,만기상환,NO,,NO,,,직후영업일(경과이자없음),,,직후영업일(경과이자없음),후급,3,발행일,3,절사,일자기준,,2020-08-22,비매출,,,무기명,,,,,한국예탁결제원,한국산업은행,미래에셋대우(주),,NICE신용평가, ,한국신용평가,한국기업평가,,DBFNFB,KDB CAPITAL/1.616 Bd 20211122 Sr,,,646-1,-1,['미래에셋대우'],"['30,000,000,000']",[],[]
18,827,산은캐피탈(주),KR600827AA58,B00827AA5,리스채권 (116230),,상장,활성,2020-05-25,,산은캐피탈 646-2,KDB CAPITAL CORPORATION 646-2,회사채,,"10,000,000,000",2020-05-22,원화,2022-12-22,일반채권,무보증,,고정금리형-이표채,공모-간접발행,국내발행,NO,확정,1.685,,100,100,,,선순위,만기상환,NO,,NO,,,직후영업일(경과이자없음),,,직후영업일(경과이자없음),후급,3,발행일,3,절사,일자기준,365일,2020-08-22,비매출,,,무기명,,,,,한국예탁결제원,한국산업은행,미래에셋대우(주),,NICE신용평가, ,한국신용평가,한국기업평가,,DBFNFB,KDB CAPITAL/1.685 Bd 20221222 Sr,,,646-2,-2,['흥국증권'],"['10,000,000,000']",[],[]
19,827,산은캐피탈(주),KR600827BA57,B00827BA5,리스채권 (116230),,상장,활성,2020-05-25,,산은캐피탈 646-3,KDB CAPITAL CORPORATION 646-3,회사채,,"10,000,000,000",2020-05-22,원화,2025-05-22,일반채권,무보증,,고정금리형-이표채,공모-간접발행,국내발행,NO,확정,1.804,,100,100,,,선순위,만기상환,NO,,NO,,,직후영업일(경과이자없음),,,직후영업일(경과이자없음),후급,3,발행일,3,절사,일자기준,,2020-08-22,비매출,,,무기명,,,,,한국예탁결제원,한국산업은행,미래에셋대우(주),,NICE신용평가, ,한국신용평가,한국기업평가,,DBFNFB,KDB CAPITAL/1.804 Bd 20250522 Sr,,,646-3,-3,['이베스트투자증권'],"['10,000,000,000']",[],[]
2,827,산은캐피탈(주),KR6008272A64,B008272A6,리스채권 (116230),,상장,활성,2020-06-10,,산은캐피탈 647-2,KDB CAPITAL CORPORATION 647-2,회사채,,"80,000,000,000",2020-06-09,원화,2023-06-09,일반채권,무보증,,고정금리형-이표채,공모-간접발행,국내발행,NO,확정,1.651,,100,100,,,선순위,만기상환,NO,,NO,,,직후영업일(경과이자없음),,,직후영업일(경과이자없음),후급,3,발행일,3,절사,일자기준,,2020-09-09,비매출,,,무기명,,,,,한국예탁결제원,한국산업은행,엔에이치투자증권(주),,NICE신용평가, ,한국신용평가,한국기업평가,,DBFNFB,KDB CAPITAL/1.651 Bd 20230609 Sr,,,647-2,-2,['NH투자증권'],"['10,000,000,000']",[],[]
6,827,산은캐피탈(주),KR6008273A63,B008273A6,리스채권 (116230),,상장,활성,2020-06-10,,산은캐피탈 647-3,KDB CAPITAL CORPORATION 647-3,회사채,,"10,000,000,000",2020-06-09,원화,2023-08-09,일반채권,무보증,,고정금리형-이표채,공모-간접발행,국내발행,NO,확정,1.671,,100,100,,,선순위,만기상환,NO,,NO,,,직후영업일(경과이자없음),,,직후영업일(경과이자없음),후급,3,발행일,3,절사,일자기준,365일,2020-09-09,비매출,,,무기명,,,,,한국예탁결제원,한국산업은행,엔에이치투자증권(주),,NICE신용평가, ,한국신용평가,한국기업평가,,DBFNFB,KDB CAPITAL/1.671 Bd 20230809 Sr,,,647-3,-3,['NH투자증권'],"['10,000,000,000']","['하이투자증권', '케이아이디비채권중개', '한국투자증권', '미래에셋대우', '흥국증권', '한화투자증권']","['20,000,000,000', '10,000,000,000', '10,000,000,000', '10,000,000,000', '10,000,000,000', '10,000,000,000']"
9,827,산은캐피탈(주),KR6008274A62,B008274A6,리스채권 (116230),,상장,활성,2020-06-10,,산은캐피탈 647-4,KDB CAPITAL CORPORATION 647-4,회사채,,"10,000,000,000",2020-06-09,원화,2024-06-07,일반채권,무보증,,고정금리형-이표채,공모-간접발행,국내발행,NO,확정,1.714,,100,100,,,선순위,만기상환,NO,,NO,,,직후영업일(경과이자없음),,,직후영업일(경과이자없음),후급,3,발행일,3,절사,일자기준,365일,2020-09-09,비매출,,,무기명,,,,,한국예탁결제원,한국산업은행,엔에이치투자증권(주),,NICE신용평가, ,한국신용평가,한국기업평가,,DBFNFB,KDB CAPITAL/1.714 Bd 20240607 Sr,,,647-4,-4,['한국투자증권'],"['10,000,000,000']",[],[]
12,827,산은캐피탈(주),KR6008275A61,B008275A6,리스채권 (116230),,상장,활성,2020-06-29,,산은캐피탈 648-1,KDB CAPITAL CORPORATION 648-1,회사채,,"20,000,000,000",2020-06-26,원화,2022-12-26,일반채권,무보증,,고정금리형-이표채,공모-간접발행,국내발행,NO,확정,1.544,,100,100,,,선순위,만기상환,NO,,NO,,,직후영업일(경과이자없음),,,직후영업일(경과이자없음),후급,3,발행일,3,절사,일자기준,,2020-09-26,비매출,,,무기명,,,,,한국예탁결제원,한국산업은행,KB증권(주),,NICE신용평가, ,한국신용평가,한국기업평가,,DBFNFB,KDB CAPITAL/1.544 Bd 20221226 Sr,,,648-1,-1,['디에스투자증권'],"['20,000,000,000']",[],[]
14,827,산은캐피탈(주),KR6008276A60,B008276A6,리스채권 (116230),,상장,활성,2020-06-29,,산은캐피탈 648-2,KDB CAPITAL CORPORATION 648-2,회사채,,"10,000,000,000",2020-06-26,원화,2023-03-24,일반채권,무보증,,고정금리형-이표채,공모-간접발행,국내발행,NO,확정,1.556,,100,100,마지막 이자만 일할계산,,선순위,만기상환,NO,,NO,,,직후영업일(경과이자없음),,,직후영업일(경과이자없음),후급,3,발행일,3,절사,일자기준,365일,2020-09-26,비매출,,,무기명,,,,,한국예탁결제원,한국산업은행,KB증권(주),,NICE신용평가, ,한국신용평가,한국기업평가,,DBFNFB,KDB CAPITAL/1.556 Bd 20230324 Sr,,,648-2,-2,['KB증권'],"['10,000,000,000']",[],[]
3,827,산은캐피탈(주),KR6008272A72,B008272A7,리스채권 (116230),,상장,활성,2020-07-10,,산은캐피탈 649-2,KDB CAPITAL CORPORATION 649-2,회사채,,"30,000,000,000",2020-07-09,원화,2023-07-07,일반채권,무보증,,고정금리형-이표채,공모-간접발행,국내발행,NO,확정,1.609,,100,100,마지막이자 365 일할계산,,선순위,만기상환,NO,,NO,,,직후영업일(경과이자없음),,,직후영업일(경과이자없음),후급,3,발행일,3,절사,일자기준,365일,2020-10-09,비매출,,,무기명,,,,,한국예탁결제원,한국산업은행,KB증권(주),,NICE신용평가, ,한국신용평가,한국기업평가,,DBFNFB,KDB CAPITAL/1.609 Bd 20230707 Sr,,,649-2,-2,['KB증권'],"['10,000,000,000']","['SK증권', '한양증권', '케이프투자증권']","['10,000,000,000', '10,000,000,000', '10,000,000,000']"
7,827,산은캐피탈(주),KR6008273A71,B008273A7,리스채권 (116230),,상장,활성,2020-07-27,,산은캐피탈 650-1,KDB CAPITAL CORPORATION 650-1,회사채,,"30,000,000,000",2020-07-24,원화,2023-07-24,일반채권,무보증,,고정금리형-이표채,공모-간접발행,국내발행,NO,확정,1.579,,100,100,,,선순위,만기상환,NO,,NO,,,직후영업일(경과이자없음),,,직후영업일(경과이자없음),후급,3,발행일,3,절사,일자기준,,2020-10-24,비매출,,,무기명,,,,,한국예탁결제원,한국산업은행,KB증권(주),,NICE신용평가, ,한국신용평가,한국기업평가,,DBFNFB,KDB CAPITAL/1.579 Bd 20230724 Sr,,,650-1,-1,['KB증권'],"['10,000,000,000']","['케이아이디비채권중개', '하이투자증권']","['10,000,000,000', '10,000,000,000']"
10,827,산은캐피탈(주),KR6008274A70,B008274A7,리스채권 (116230),,상장,활성,2020-07-27,,산은캐피탈 650-2,KDB CAPITAL CORPORATION 650-2,회사채,,"10,000,000,000",2020-07-24,원화,2024-07-24,일반채권,무보증,,고정금리형-이표채,공모-간접발행,국내발행,NO,확정,1.619,,100,100,,,선순위,만기상환,NO,,NO,,,직후영업일(경과이자없음),,,직후영업일(경과이자없음),후급,3,발행일,3,절사,일자기준,,2020-10-24,비매출,,,무기명,,,,,한국예탁결제원,한국산업은행,KB증권(주),,NICE신용평가, ,한국신용평가,한국기업평가,,DBFNFB,KDB CAPITAL/1.619 Bd 20240724 Sr,,,650-2,-2,['흥국증권'],"['10,000,000,000']",[],[]
4,827,산은캐피탈(주),KR6008272A80,B008272A8,리스채권 (116230),,상장,활성,2020-08-12,,산은캐피탈 651-2,KDB CAPITAL CORPORATION 651-2,회사채,,"50,000,000,000",2020-08-11,원화,2023-08-11,일반채권,무보증,,고정금리형-이표채,공모-간접발행,국내발행,NO,확정,1.515,,100,100,,,선순위,만기상환,NO,,NO,,,직후영업일(경과이자없음),,,직후영업일(경과이자없음),후급,3,발행일,3,절사,일자기준,,2020-11-11,비매출,,,무기명,,,,,한국예탁결제원,한국산업은행,엔에이치투자증권(주),,NICE신용평가, ,한국신용평가,한국기업평가,,DBFNFB,KDB CAPITAL/1.515 Bd 20230811 Sr,,,651-2,-2,"['한양증권', '현대차증권', '이베스트투자증권']","['10,000,000,000', '10,000,000,000', '10,000,000,000']",[],[]
42,1636,삼성증권(주),KR6016361A93,B016361A9,일반사채 (116100),,상장,활성,2020-09-17,,삼성증권 14-1,SAMSUNG SECURITIES 14-1,회사채,,"230,000,000,000",2020-09-17,원화,2023-09-15,일반채권,무보증,,고정금리형-이표채,공모-간접발행,국내발행,NO,확정,1.465,,100,100,,,선순위,만기상환,NO,,NO,,,직후영업일(경과이자없음),,,직후영업일(경과이자없음),후급,3,발행일,3,절사,일자기준,365일,2020-12-17,비매출,,,무기명,,,,,한국예탁결제원,(주)우리은행,SK증권(주),,, ,한국신용평가,한국기업평가,,DBFNFB,SAMSUNG SECU/ Bd 20230915 Sr Ungtd,,,14-1,1,"['미래에셋대우', 'SK증권']","['70,000,000,000', '70,000,000,000']","['현대차증권', '한화투자증권']","['50,000,000,000', '40,000,000,000']"
43,1636,삼성증권(주),KR6016362A92,B016362A9,일반사채 (116100),,상장,활성,2020-09-17,,삼성증권 14-2,SAMSUNG SECURITIES 14-2,회사채,,"70,000,000,000",2020-09-17,원화,2025-09-17,일반채권,무보증,,고정금리형-이표채,공모-간접발행,국내발행,NO,확정,1.6580000000000001,,100,100,,,선순위,만기상환,NO,,NO,,,직후영업일(경과이자없음),,,직후영업일(경과이자없음),후급,3,발행일,3,절사,일자기준,,2020-12-17,비매출,,,무기명,,,,,한국예탁결제원,(주)우리은행,SK증권(주),,, ,한국신용평가,한국기업평가,,DBFNFB,SAMSUNG SECU/ Bd 20250917 Sr Ungtd,,,14-2,2,"['미래에셋대우', 'SK증권']","['30,000,000,000', '20,000,000,000']",['현대차증권'],"['20,000,000,000']"
44,1636,삼성증권(주),KR6016363A91,B016363A9,일반사채 (116100),,상장,활성,2020-09-17,,삼성증권 14-3,SAMSUNG SECURITIES 14-3,회사채,,"30,000,000,000",2020-09-17,원화,2027-09-17,일반채권,무보증,,고정금리형-이표채,공모-간접발행,국내발행,NO,확정,1.9380000000000002,,100,100,,,선순위,만기상환,NO,,NO,,,직후영업일(경과이자없음),,,직후영업일(경과이자없음),후급,3,발행일,3,절사,일자기준,,2020-12-17,비매출,,,무기명,,,,,한국예탁결제원,(주)우리은행,SK증권(주),,, ,한국신용평가,한국기업평가,,DBFNFB,SAMSUNG SECU/ Bd 20270917 Sr Ungtd,,,14-3,3,"['미래에셋대우', 'SK증권']","['10,000,000,000', '20,000,000,000']",[],[]
30,1012,엘에스일렉트릭 주식회사,KR6010121A55,B010121A5,일반사채 (116100),,상장,활성,2020-05-11,,LS ELECTRIC 182,LS ELECTRIC 182,회사채,,"150,000,000,000",2020-05-11,원화,2023-05-11,일반채권,무보증,,고정금리형-이표채,공모-간접발행,국내발행,NO,확정,1.705,,100,100,,,선순위,만기상환,NO,,NO,,,직후영업일(경과이자없음),,,직후영업일(경과이자없음),후급,3,발행일,3,절사,일자기준,,2020-08-11,비매출,,,무기명,,,,,한국예탁결제원,농협은행(주),KB증권(주),,, ,한국신용평가,한국기업평가,,DBFUFB,LS ELECTRIC/ Bd 20230511 Sr Ungtd,,,182,,[[]],[[]],[[]],[[]]
34,1107,엘지이노텍(주),KR6011071A87,B011071A8,일반사채 (116100),,상장,활성,2020-08-26,,LG이노텍 43-1,LG INNOTEK 43-1,회사채,,"70,000,000,000",2020-08-26,원화,2023-08-26,일반채권,무보증,,고정금리형-이표채,공모-간접발행,국내발행,NO,확정,1.325,,100,100,,,선순위,만기상환,NO,,NO,,,직후영업일(경과이자없음),,,직후영업일(경과이자없음),후급,3,발행일,3,절사,일자기준,365일,2020-11-26,비매출,,,무기명,,,,,한국예탁결제원,(주)신한은행,미래에셋대우(주),,NICE신용평가, ,한국신용평가,한국기업평가,,DBFUFB,LG INNOTEK/ Bd 20230826 Sr Ungtd,,,43-1,1,"['한국투자증권', '케이비증권', '신한금융투자', '미래에셋대우']","['10,000,000,000', '35,000,000,000', '10,000,000,000', '15,000,000,000']",[],[]
35,1107,엘지이노텍(주),KR6011072A86,B011072A8,일반사채 (116100),,상장,활성,2020-08-26,,LG이노텍 43-2,LG INNOTEK 43-2,회사채,,"60,000,000,000",2020-08-26,원화,2025-08-26,일반채권,무보증,,고정금리형-이표채,공모-간접발행,국내발행,NO,확정,1.588,,100,100,,,선순위,만기상환,NO,,NO,,,직후영업일(경과이자없음),,,직후영업일(경과이자없음),후급,3,발행일,3,절사,일자기준,365일,2020-11-26,비매출,,,무기명,,,,,한국예탁결제원,(주)신한은행,미래에셋대우(주),,NICE신용평가, ,한국신용평가,한국기업평가,,DBFUFB,LG INNOTEK/ Bd 20250826 Sr Ungtd,,,43-2,2,"['엔에이치투자증권', '신한금융투자']","['30,000,000,000', '30,000,000,000']",[],[]
36,1107,엘지이노텍(주),KR6011073A85,B011073A8,일반사채 (116100),,상장,활성,2020-08-26,,LG이노텍 43-3,LG INNOTEK 43-3,회사채,,"70,000,000,000",2020-08-26,원화,2030-08-26,일반채권,무보증,,고정금리형-이표채,공모-간접발행,국내발행,NO,확정,2.33,,100,100,,,선순위,만기상환,NO,,NO,,,직후영업일(경과이자없음),,,직후영업일(경과이자없음),후급,3,발행일,3,절사,일자기준,365일,2020-11-26,비매출,,,무기명,,,,,한국예탁결제원,(주)신한은행,미래에셋대우(주),,NICE신용평가, ,한국신용평가,한국기업평가,,DBFUFB,LG INNOTEK/ Bd 20300826 Sr Ungtd,,,43-3,3,"['한국투자증권', '엔에이치투자증권', '미래에셋대우']","['40,000,000,000', '20,000,000,000', '10,000,000,000']",[],[]
94,1980,하나캐피탈(주),KR6019801A46,B019801A4,할부금융채권 (116250),,상장,활성,2020-04-17,,하나캐피탈 303-1,HANA CAPITAL 303-1,회사채,,"50,000,000,000",2020-04-16,원화,2021-04-16,일반채권,무보증,,고정금리형-이표채,공모-간접발행,국내발행,NO,확정,1.7830000000000001,,100,100,,,선순위,만기상환,NO,,NO,,,직후영업일(경과이자없음),,,직후영업일(경과이자없음),후급,3,발행일,3,절사,일자기준,365일,2020-07-16,비매출,,,무기명,,,,,한국예탁결제원,(주)하나은행,SK증권(주),,NICE신용평가, ,한국신용평가,한국기업평가,,DBFNFB,HANA CAPITAL/1.783 Bd 20210416 Sr,,,303-1,-1,['SK증권'],"['20,000,000,000']","['한국산업은행', '이베스트투자증권']","['20,000,000,000', '10,000,000,000']"
95,1980,하나캐피탈(주),KR6019801A53,B019801A5,할부금융채권 (116250),,상장,활성,2020-05-13,,하나캐피탈 305-1,HANA CAPITAL 305-1,회사채,,"30,000,000,000",2020-05-12,원화,2021-08-12,일반채권,무보증,,고정금리형-이표채,공모-간접발행,국내발행,NO,확정,1.6880000000000002,,100,100,,,선순위,만기상환,NO,,NO,,,직후영업일(경과이자없음),,,직후영업일(경과이자없음),후급,3,발행일,3,절사,일자기준,,2020-08-12,비매출,,,무기명,,,,,한국예탁결제원,(주)하나은행,KB증권(주),,NICE신용평가, ,한국신용평가,한국기업평가,,DBFNFB,HANA CAPITAL/1.688 Bd 20210812 Sr,,,305-1,-1,['KB증권'],"['10,000,000,000']","['한양증권', 'KTB투자증권']","['10,000,000,000', '10,000,000,000']"
96,1980,하나캐피탈(주),KR6019801A61,B019801A6,할부금융채권 (116250),,상장,활성,2020-06-08,,하나캐피탈 307-1,HANA CAPITAL 307-1,회사채,,"20,000,000,000",2020-06-05,원화,2021-12-03,일반채권,무보증,,고정금리형-이표채,공모-간접발행,국내발행,NO,확정,1.328,,100,100,,,선순위,만기상환,NO,,NO,,,직후영업일(경과이자없음),,,직후영업일(경과이자없음),후급,3,발행일,3,절사,일자기준,365일,2020-09-05,비매출,,,무기명,,,,,한국예탁결제원,(주)하나은행,엔에이치투자증권(주),,NICE신용평가, ,한국신용평가,한국기업평가,,DBFNFB,HANA CAPITAL/1.328 Bd 20211203 Sr,,,307-1,-1,['SK증권'],"['20,000,000,000']",[],[]
97,1980,하나캐피탈(주),KR6019801A79,B019801A7,할부금융채권 (116250),,상장,활성,2020-07-13,,하나캐피탈 309-1,HANA CAPITAL 309-1,회사채,,"20,000,000,000",2020-07-10,원화,2022-01-10,일반채권,무보증,,고정금리형-이표채,공모-간접발행,국내발행,NO,확정,1.349,,100,100,,,선순위,만기상환,NO,,NO,,,직후영업일(경과이자없음),,,직후영업일(경과이자없음),후급,3,발행일,3,절사,일자기준,,2020-10-10,비매출,,,무기명,,,,,한국예탁결제원,(주)하나은행,한국투자증권(주),,NICE신용평가, ,한국신용평가,한국기업평가,,DBFNFB,HANA CAPITAL/1.349 Bd 20220110 Sr,,,309-1,-1,['한국투자증권'],"['20,000,000,000']",[],[]
98,1980,하나캐피탈(주),KR6019801A87,B019801A8,할부금융채권 (116250),,상장,활성,2020-08-12,,하나캐피탈 311-1,HANA CAPITAL 311-1,회사채,,"20,000,000,000",2020-08-11,원화,2022-11-11,일반채권,무보증,,고정금리형-이표채,공모-간접발행,국내발행,NO,확정,1.344,,100,100,,,선순위,만기상환,NO,,NO,,,직후영업일(경과이자없음),,,직후영업일(경과이자없음),후급,3,발행일,3,절사,일자기준,,2020-11-11,비매출,,,무기명,,,,,한국예탁결제원,(주)하나은행,KB증권(주),,NICE신용평가, ,한국신용평가,한국기업평가,,DBFNFB,HANA CAPITAL/1.344 Bd 20221111 Sr,,,311-1,-1,"['한국투자증권', 'SK증권']","['10,000,000,000', '10,000,000,000']",[],[]
99,1980,하나캐피탈(주),KR6019801A95,B019801A9,할부금융채권 (116250),,상장,활성,2020-09-11,,하나캐피탈 313-1,HANA CAPITAL 313-1,회사채,,"40,000,000,000",2020-09-10,원화,2022-09-09,일반채권,무보증,,고정금리형-이표채,공모-간접발행,국내발행,NO,확정,1.469,,100,100,,,선순위,만기상환,NO,,NO,,,직후영업일(경과이자없음),,,직후영업일(경과이자없음),후급,3,발행일,3,절사,일자기준,365일,2020-12-10,비매출,,,무기명,,,,,한국예탁결제원,(주)하나은행,엔에이치투자증권(주),,NICE신용평가, ,한국신용평가,한국기업평가,,DBFNFB,HANA CAPITAL/1.469 Bd 20220909 Sr,,,313-1,-1,['NH투자증권'],"['10,000,000,000']","['부국증권', '케이알투자증권', '신영증권']","['10,000,000,000', '10,000,000,000', '10,000,000,000']"
50,1888,한온시스템(주),KR6018881A90,B018881A9,일반사채 (116100),,상장,활성,2020-09-09,,한온시스템 11-1,Hanon Systems 11-1,회사채,,"140,000,000,000",2020-09-09,원화,2023-09-09,일반채권,무보증,,고정금리형-이표채,공모-간접발행,국내발행,NO,확정,1.65,,100,100,,,선순위,만기상환,NO,,NO,,,직후영업일(경과이자없음),,,직후영업일(경과이자없음),후급,3,발행일,3,절사,일자기준,,2020-12-09,비매출,,,무기명,,,,,한국예탁결제원,(주)하나은행,엔에이치투자증권(주),,, ,한국신용평가,한국기업평가,,DBFUFB,Hanon Systems/ Bd 20230909 Sr Ungtd,,,11-1,1,['NH투자증권'],"['140,000,000,000']",[],[]
51,1888,한온시스템(주),KR6018882A99,B018882A9,일반사채 (116100),,상장,활성,2020-09-09,,한온시스템 11-2,Hanon Systems 11-2,회사채,,"80,000,000,000",2020-09-09,원화,2025-09-09,일반채권,무보증,,고정금리형-이표채,공모-간접발행,국내발행,NO,확정,2.046,,100,100,,,선순위,만기상환,NO,,NO,,,직후영업일(경과이자없음),,,직후영업일(경과이자없음),후급,3,발행일,3,절사,일자기준,,2020-12-09,비매출,,,무기명,,,,,한국예탁결제원,(주)하나은행,엔에이치투자증권(주),,, ,한국신용평가,한국기업평가,,DBFUFB,Hanon Systems/ Bd 20250909 Sr Ungtd,,,11-2,2,['NH투자증권'],"['80,000,000,000']",[],[]
52,1888,한온시스템(주),KR6018883A98,B018883A9,일반사채 (116100),,상장,활성,2020-09-09,,한온시스템 11-3,Hanon Systems 11-3,회사채,,"80,000,000,000",2020-09-09,원화,2027-09-09,일반채권,무보증,,고정금리형-이표채,공모-간접발행,국내발행,NO,확정,2.582,,100,100,,,선순위,만기상환,NO,,NO,,,직후영업일(경과이자없음),,,직후영업일(경과이자없음),후급,3,발행일,3,절사,일자기준,,2020-12-09,비매출,,,무기명,,,,,한국예탁결제원,(주)하나은행,엔에이치투자증권(주),,, ,한국신용평가,한국기업평가,,DBFUFB,Hanon Systems/ Bd 20270909 Sr Ungtd,,,11-3,3,['NH투자증권'],"['80,000,000,000']",[],[]
28,983,한화솔루션(주),KR6009831A41,B009831A4,일반사채 (116100),,상장,활성,2020-04-21,,한화솔루션 270,HanwhaSolutions 270,회사채,,"210,000,000,000",2020-04-21,원화,2023-04-21,일반채권,무보증,,고정금리형-이표채,공모-간접발행,국내발행,NO,확정,2.379,,100,100,,,선순위,만기상환,NO,,NO,,,직후영업일(경과이자없음),,,직후영업일(경과이자없음),후급,3,발행일,3,절사,일자기준,,2020-07-21,비매출,,,무기명,,,,,한국예탁결제원,(주)우리은행,한국투자증권(주),,NICE신용평가, ,,한국기업평가,,DBFUFB,HANWHA/ Bd 20230421 Sr Ungtd,,,270,,"['NH투자증권', '한국투자증권', '케이비증권', '미래에셋대우', '신한금융투자', '키움증권', '유진증권', '한양증권', '한화투자증권']","['40,000,000,000', '40,000,000,000', '40,000,000,000', '20,000,000,000', '20,000,000,000', '20,000,000,000', '10,000,000,000', '10,000,000,000', '10,000,000,000']",[],[]
41,1245,한화에어로스페이스(주),KR6012451A44,B012451A4,일반사채 (116100),,상장,활성,2020-04-28,,한화에어로스페이스 124,HANWHA AEROSPACE 124,회사채,,"150,000,000,000",2020-04-28,원화,2023-04-28,일반채권,무보증,,고정금리형-이표채,공모-간접발행,국내발행,NO,확정,2.371,,100,100,,,선순위,만기상환,NO,,NO,,,직후영업일(경과이자없음),,,직후영업일(경과이자없음),후급,3,발행일,3,절사,일자기준,,2020-07-28,비매출,,,무기명,,,,,한국예탁결제원,(주)우리은행,한국투자증권(주),,NICE신용평가, ,,한국기업평가,,DBFUFB,HANWHA/ Bd 20230428 Sr Ungtd,,,124,,"['한국투자증권', '신한금융투자', 'KB증권']","['35,000,000,000', '35,000,000,000', '35,000,000,000']","['한화투자증권', '유안타증권']","['30,000,000,000', '15,000,000,000']"
45,1780,현대엘리베이터(주),KR6017801A65,B017801A6,일반사채 (116100),,상장,활성,2020-06-04,,현대엘리베이터 38,HYUNDAI ELEVATOR 38,회사채,,"100,000,000,000",2020-06-04,원화,2023-06-04,일반채권,무보증,,고정금리형-이표채,공모-간접발행,국내발행,NO,확정,2.545,,100,100,개별민평(3Y)+67bp,,선순위,만기상환,NO,,NO,,,직후영업일(경과이자없음),,,직후영업일(경과이자없음),후급,3,발행일,3,절사,일자기준,,2020-09-04,비매출,,,무기명,,,,,한국예탁결제원,(주)하나은행,한국투자증권(주),,NICE신용평가, ,,한국기업평가,,DBFUFB,HYUNDAI ELEV/ Bd 20230604 Sr Ungtd,,,38,,"['한국투자증권', '미래에셋대우', 'KB증권']","['24,000,000,000', '24,000,000,000', '12,000,000,000']",['한국산업은행'],"['40,000,000,000']"
