index,발행기관코드,발행기관명,표준코드,단축코드,채권분류,변경전 발행기관코드,상장여부,활성여부,상장일,상장폐지일,한글종목명,영문종목명,채권유형,지방채구분,발행금액,발행일,발행통화,상환일,특이채권유형,보증담보,보증률(%),이자지급방법,발행방법,발행구분,크라우드펀딩여부,SRI채권 신청구분,표면이자율 확정여부,표면이자율(%),낙찰금리(%),발행가액(%),만기상환율(%),특이발행조건,옵션,선/후/중순위,상환방법,물가연동구분,참조지수(%),신종자본증권여부,조건부자본증권 유형,유동화,휴무관련(원금),이자지급기준,경과금리(%),휴무관련(이자),이자 선/후급,이자지급주기(개월),이자지급기준일구분,이자계산주기(개월),이자원단위 미만처리,이자월말구분,단수일이자기준,최초이자지급일,매출형태,선매출이자 지급방법,선/후매출일,기명구분,보장수익률(%),보장수익률적용일,추가수익률(%),추가수익률적용일,(전자)등록기관,원리금지급대행기관,대표주관회사,보증기관,신용평가기관1,신용등급,신용평가기관2,신용평가기관3,신용평가기관4,CFI,FISN,Call 주체,Call 사유,identifier1,identifier2
38,532,(주)국동,KR60053219C2,B0053219C,일반사채 (116100),,상장,활성,2019-12-24,,국동 9,KUKDONG CORPORATION 9,회사채,,"20,000,000,000",2019-12-24,원화,2024-12-24,일반채권 -분리형BW,무보증,,고정금리형-이표채,공모-간접발행,국내발행,NO,"
",확정,2.0,,100,111.0095,"분리형BW, 만기보장수익률 연4%(3개월 복리), 현금 및 대용납입",Put(풋),선순위,만기상환,NO,,NO,,,직후영업일(경과이자없음),,,직후영업일(경과이자없음),후급,3.0,발행일,3.0,절사,일자기준,,2020-03-24,비매출,,,무기명,4.0,2024-12-24,,,한국예탁결제원,(주)신한은행,유진투자증권(주),,NICE신용평가, ,한국신용평가,,,DBFUCB,KUKDONG/2.0 Bd 20241224 Sr Ungtd,,,9,
19,349,(주)대한항공,KR60034919B3,B0034919B,일반사채 (116100),,상장,활성,2019-11-06,,대한항공 90-1,KOREAN AIR LINES 90-1,회사채,,"90,000,000,000",2019-11-06,원화,2021-11-05,일반채권,무보증,,고정금리형-이표채,공모-간접발행,국내발행,NO,"
",확정,3.3,,100,100.0,마지막 이자지급 365 일할계산,,선순위,만기상환,NO,,NO,,,직후영업일(경과이자없음),,,직후영업일(경과이자없음),후급,3.0,발행일,3.0,절사,일자기준,365일,2020-02-06,비매출,,,무기명,,,,,한국예탁결제원,(주)하나은행,키움증권(주),,NICE신용평가, ,,한국기업평가,,DBFUFB,KAL/3.3 Bd 20211105 Sr Ungtd,,,90-1,1
20,349,(주)대한항공,KR60034929B2,B0034929B,일반사채 (116100),,상장,활성,2019-11-06,,대한항공 90-2,KOREAN AIR LINES 90-2,회사채,,"80,000,000,000",2019-11-06,원화,2022-11-04,일반채권,무보증,,고정금리형-이표채,공모-간접발행,국내발행,NO,"
",확정,3.7,,100,100.0,마지막 이자지급 365 일할계산,,선순위,만기상환,NO,,NO,,,직후영업일(경과이자없음),,,직후영업일(경과이자없음),후급,3.0,발행일,3.0,절사,일자기준,365일,2020-02-06,비매출,,,무기명,,,,,한국예탁결제원,(주)하나은행,키움증권(주),,NICE신용평가, ,,한국기업평가,,DBFUFB,KAL/3.7 Bd 20221104 Sr Ungtd,,,90-2,2
95,1957,(주)리더스 기술투자,KR60195729A3,B0195729A,일반사채 (116100),,상장,활성,2019-10-24,,리더스기술투자 9,Leaders Technology Investment 9,회사채,,"20,000,000,000",2019-10-24,원화,2024-10-24,일반채권 -분리형BW,무보증,,고정금리형-이표채,공모-간접발행,국내발행,NO,"
",확정,3.0,,100,111.2814,"분리형BW,만기보장수익율 연5%(3개월복리),현금및사채대용납입",Put(풋),선순위,만기상환,NO,,NO,,,직후영업일(경과이자없음),,,직후영업일(경과이자없음),후급,3.0,발행일,3.0,절사,일자기준,,2020-01-24,비매출,,,무기명,5.0,2024-10-24,,,한국예탁결제원,(주)신한은행,아이비케이투자증권(주),,, ,한국신용평가,한국기업평가,,DBFUCB,Leaders/3.0 Bd 20241024 Sr Ungtd,,,9,
32,528,(주)부산은행,KR60052819A4,B0052819A,일반은행채 (116210),,상장,활성,2019-10-17,,부산은행 2019-10이2A-16,BUSAN BANK 2019-10-COUP2A-16,회사채,,"100,000,000,000",2019-10-16,원화,2021-10-16,일반채권,무보증,,고정금리형-이표채,공모-간접발행,국내발행,NO,"
",확정,1.45,,100,100.0,,,선순위,만기상환,NO,,NO,,,직후영업일(경과이자있음),,,직후영업일(경과이자없음),후급,3.0,발행일,3.0,절사,일자기준,,2020-01-16,비매출,,,무기명,,,,,한국예탁결제원,(주)부산은행,DB금융투자(주),,NICE신용평가, ,한국신용평가,한국기업평가,,DBFUFB,BUSAN BANK/1.45 Bd 20211016 Sr,,,2019-10이2A-16,9-10이2A-16
33,528,(주)부산은행,KR60052819B2,B0052819B,일반은행채 (116210),,상장,활성,2019-11-05,,부산은행 2019-11이2.5A-04,BUSAN BANK 2019-11-COUP2.5A-04,회사채,,"100,000,000,000",2019-11-04,원화,2022-05-04,일반채권,무보증,,고정금리형-이표채,공모-간접발행,국내발행,NO,"
",확정,1.62,,100,100.0,,,선순위,만기상환,NO,,NO,,,직후영업일(경과이자있음),,,직후영업일(경과이자없음),후급,3.0,발행일,3.0,절사,일자기준,,2020-02-04,비매출,,,무기명,,,,,한국예탁결제원,(주)부산은행,교보증권(주),,NICE신용평가, ,한국신용평가,한국기업평가,,DBFUFB,BUSAN BANK/1.62 Bd 20220504 Sr,,,2019-11이2.5A-04,9-11이2.5A-04
34,528,(주)부산은행,KR60052829B1,B0052829B,일반은행채 (116210),,상장,활성,2019-11-25,,부산은행 2019-11이1.5A-22,BUSAN BANK 2019-11-COUP1.5A-22,회사채,,"100,000,000,000",2019-11-22,원화,2021-05-22,일반채권,무보증,,고정금리형-이표채,공모-간접발행,국내발행,NO,"
",확정,1.6,,100,100.0,,,선순위,만기상환,NO,,NO,,,직후영업일(경과이자있음),,,직후영업일(경과이자없음),후급,3.0,발행일,3.0,절사,일자기준,,2020-02-22,비매출,,,무기명,,,,,한국예탁결제원,(주)부산은행,교보증권(주),,NICE신용평가, ,한국신용평가,한국기업평가,,DBFUFB,BUSAN BANK/1.6 Bd 20210522 Sr Ungtd,,,2019-11이1.5A-22,9-11이1.5A-22
3,1,(주)신한은행,KR60000149A9,B0000149A,일반은행채 (116210),,상장,활성,2019-10-14,,신한은행 23-10-이-3-A,SHINHAN BANK 23-10COUP3A,회사채,,"200,000,000,000",2019-10-11,원화,2022-10-11,일반채권,무보증,,고정금리형-이표채,공모-간접발행,국내발행,NO,"
",확정,1.45,,100,100.0,,,선순위,만기상환,NO,,NO,,,직후영업일(경과이자있음),,,직후영업일(경과이자없음),후급,3.0,발행일,3.0,절사,일자기준,,2020-01-11,비매출,,,무기명,,,,,한국예탁결제원,(주)신한은행,한국투자증권(주),,NICE신용평가, ,한국신용평가,한국기업평가,,DBFUFB,SHINHAN  BK/1.45 Bd 20221011 Sr,,,23-10-이-3-A,10-이-3-A
5,1,(주)신한은행,KR60000159A8,B0000159A,일반은행채 (116210),,상장,활성,2019-10-24,,신한은행 23-10-복-20-A,SHINHAN BANK 23-10COMP20-A,회사채,,"50,000,000,000",2019-10-23,원화,2039-10-23,일반채권,무보증,,고정금리형-복리채,공모-간접발행,국내발행,NO,"
",확정,2.02,,100,100.0,"Y1~Y20 : [(1+2.02%)∧P-1] (P:콜행사시까지 경과연수), 30/360",Call(콜),선순위,만기상환,NO,,NO,,,직후영업일(경과이자없음),,,직후영업일(경과이자없음),후급,240.0,상환일,12.0,절사,일자기준,,,비매출,,,무기명,,,,,한국예탁결제원,(주)신한은행,삼성증권(주),,NICE신용평가, ,한국신용평가,한국기업평가,,DBFUGB,SHINHAN  BK/2.02 Bd 20391023 Sr,발행기관,발행1년부터 매년 동일자에 가능,23-10-복-20-A,10-복-20-A
1,1,(주)신한은행,KR60000129B9,B0000129B,일반은행채 (116210),,상장,활성,2019-11-12,,신한은행 23-11-이-1.5-A,SHINHAN BANK 23-11COUP1.5A,회사채,,"300,000,000,000",2019-11-11,원화,2021-05-11,일반채권,무보증,,고정금리형-이표채,공모-간접발행,국내발행,NO,"
",확정,1.62,,100,100.0,,,선순위,만기상환,NO,,NO,,,직후영업일(경과이자있음),,,직후영업일(경과이자없음),후급,3.0,발행일,3.0,절사,일자기준,,2020-02-11,비매출,,,무기명,,,,,한국예탁결제원,(주)신한은행,교보증권(주),,NICE신용평가, ,한국신용평가,한국기업평가,,DBFUFB,SHINHAN  BK/1.62 Bd 20210511 Sr,,,23-11-이-1.5-A,11-이-1.5-A
0,1,(주)신한은행,KR60000119B0,B0000119B,일반은행채 (116210),,상장,활성,2019-11-12,,신한은행 23-11-이-3-A,SHINHAN BANK 23-11COUP3A,회사채,,"300,000,000,000",2019-11-08,원화,2022-11-08,일반채권,무보증,,고정금리형-이표채,공모-간접발행,국내발행,NO,"
",확정,1.72,,100,100.0,,,선순위,만기상환,NO,,NO,,,직후영업일(경과이자있음),,,직후영업일(경과이자없음),후급,3.0,발행일,3.0,절사,일자기준,,2020-02-08,비매출,,,무기명,,,,,한국예탁결제원,(주)신한은행,한국투자증권(주),,NICE신용평가, ,한국신용평가,한국기업평가,,DBFUFB,SHINHAN  BK/1.72 Bd 20221108 Sr,,,23-11-이-3-A,11-이-3-A
2,1,(주)신한은행,KR60000139B8,B0000139B,일반은행채 (116210),,상장,활성,2019-11-13,,신한은행 23-11-이-2-A,SHINHAN BANK 23-11COUP2A,회사채,,"130,000,000,000",2019-11-12,원화,2021-11-12,일반채권,무보증,,고정금리형-이표채,공모-간접발행,국내발행,NO,"
",확정,1.65,,100,100.0,,,선순위,만기상환,NO,,NO,,,직후영업일(경과이자있음),,,직후영업일(경과이자없음),후급,3.0,발행일,3.0,절사,일자기준,,2020-02-12,비매출,,,무기명,,,,,한국예탁결제원,(주)신한은행,케이티비투자증권(주),,NICE신용평가, ,한국신용평가,한국기업평가,,DBFUFB,SHINHAN  BK/1.65 Bd 20211112 Sr,,,23-11-이-2-A,11-이-2-A
4,1,(주)신한은행,KR60000149B7,B0000149B,일반은행채 (116210),,상장,활성,2019-11-15,,신한은행 23-11-이-2-B,SHINHAN BANK 23-11COUP2B,회사채,,"170,000,000,000",2019-11-14,원화,2021-11-14,일반채권,무보증,,고정금리형-이표채,공모-간접발행,국내발행,NO,"
",확정,1.65,,100,100.0,,,선순위,만기상환,NO,,NO,,,직후영업일(경과이자있음),,,직후영업일(경과이자없음),후급,3.0,발행일,3.0,절사,일자기준,,2020-02-14,비매출,,,무기명,,,,,한국예탁결제원,(주)신한은행,케이티비투자증권(주),,NICE신용평가, ,한국신용평가,한국기업평가,,DBFUFB,SHINHAN  BK/1.65 Bd 20211114 Sr,,,23-11-이-2-B,11-이-2-B
6,1,(주)신한은행,KR60000159B6,B0000159B,일반은행채 (116210),,상장,활성,2019-11-15,,신한은행 23-11-이-3-B,SHINHAN BANK 23-11COUP3B,회사채,,"180,000,000,000",2019-11-14,원화,2022-11-14,일반채권,무보증,,고정금리형-이표채,공모-간접발행,국내발행,NO,"
",확정,1.73,,100,100.0,,,선순위,만기상환,NO,,NO,,,직후영업일(경과이자있음),,,직후영업일(경과이자없음),후급,3.0,발행일,3.0,절사,일자기준,,2020-02-14,비매출,,,무기명,,,,,한국예탁결제원,(주)신한은행,케이티비투자증권(주),,NICE신용평가, ,한국신용평가,한국기업평가,,DBFUFB,SHINHAN  BK/1.73 Bd 20221114 Sr,,,23-11-이-3-B,11-이-3-B
7,1,(주)신한은행,KR60000169B5,B0000169B,일반은행채 (116210),,상장폐지,비활성,2019-11-25,2020-11-23,신한은행 23-11-할-1-A,SHINHAN BANK 23-11DIS1-A,회사채,,"350,000,000,000",2019-11-21,원화,2020-11-21,일반채권,무보증,,고정금리형-할인채,공모-간접발행,국내발행,NO,"
",확정,1.57,,100,100.0,,,선순위,만기상환,NO,,NO,,,직후영업일(경과이자있음),,,직후영업일(경과이자없음),후급,,발행일,,절사,일자기준,,,비매출,,,무기명,,,,,한국예탁결제원,(주)신한은행,이베스트투자증권(주),,NICE신용평가, ,한국신용평가,한국기업평가,,DBZUFB,SHINHAN  BK/Disc Bd 20201121 Sr,,,23-11-할-1-A,11-할-1-A
8,1,(주)신한은행,KR60000179B4,B0000179B,일반은행채 (116210),,상장,활성,2019-11-28,,신한은행 23-11-복-20-A,SHINHAN BANK 23-11COMP20-A,회사채,,"30,000,000,000",2019-11-27,원화,2039-11-27,일반채권,무보증,,고정금리형-복리채,공모-간접발행,국내발행,NO,"
",확정,2.17,,100,100.0,,Call(콜),선순위,만기상환,NO,,NO,,,직후영업일(경과이자없음),,,직후영업일(경과이자없음),후급,240.0,발행일,12.0,절사,일자기준,,,비매출,,,무기명,,,,,한국예탁결제원,(주)신한은행,삼성증권(주),,NICE신용평가, ,한국신용평가,한국기업평가,,DBFUGB,SHINHAN  BK/2.17 Bd 20391127 Sr,발행기관,,23-11-복-20-A,11-복-20-A
66,1945,(주)아이비케이캐피탈,KR60194519A9,B0194519A,할부금융채권 (116250),,상장,활성,2019-10-24,,아이비케이캐피탈 201-1,IBK CAPITAL CORPORATION 201-1,회사채,,"40,000,000,000",2019-10-23,원화,2021-10-22,일반채권,무보증,,고정금리형-이표채,공모-간접발행,국내발행,NO,"
",확정,1.636,,100,100.0,,,선순위,만기상환,NO,,NO,,,직후영업일(경과이자없음),,,직후영업일(경과이자없음),후급,3.0,발행일,3.0,절사,일자기준,365일,2020-01-23,비매출,,,무기명,,,,,한국예탁결제원,중소기업은행,엔에이치투자증권(주),,NICE신용평가, ,한국신용평가,한국기업평가,,DBFUFB,IBK CAPITAL/1.636 Bd 20211022 Sr,,,201-1,-1
69,1945,(주)아이비케이캐피탈,KR60194529A8,B0194529A,할부금융채권 (116250),,상장,활성,2019-10-24,,아이비케이캐피탈 201-2,IBK CAPITAL CORPORATION 201-2,회사채,,"50,000,000,000",2019-10-23,원화,2022-10-21,일반채권,무보증,,고정금리형-이표채,공모-간접발행,국내발행,NO,"
",확정,1.723,,100,100.0,,,선순위,만기상환,NO,,NO,,,직후영업일(경과이자없음),,,직후영업일(경과이자없음),후급,3.0,발행일,3.0,절사,일자기준,365일,2020-01-23,비매출,,,무기명,,,,,한국예탁결제원,중소기업은행,엔에이치투자증권(주),,NICE신용평가, ,한국신용평가,한국기업평가,,DBFUFB,IBK CAPITAL/1.723 Bd 20221021 Sr,,,201-2,-2
72,1945,(주)아이비케이캐피탈,KR60194539A7,B0194539A,할부금융채권 (116250),,상장,활성,2019-10-24,,아이비케이캐피탈 201-3,IBK CAPITAL CORPORATION 201-3,회사채,,"20,000,000,000",2019-10-23,원화,2024-10-23,일반채권,무보증,,고정금리형-이표채,공모-간접발행,국내발행,NO,"
",확정,1.8869999999999998,,100,100.0,,,선순위,만기상환,NO,,NO,,,직후영업일(경과이자없음),,,직후영업일(경과이자없음),후급,3.0,발행일,3.0,절사,일자기준,,2020-01-23,비매출,,,무기명,,,,,한국예탁결제원,중소기업은행,엔에이치투자증권(주),,NICE신용평가, ,한국신용평가,한국기업평가,,DBFUFB,IBK CAPITAL/1.887 Bd 20241023 Sr,,,201-3,-3
75,1945,(주)아이비케이캐피탈,KR60194549A6,B0194549A,할부금융채권 (116250),,상장,활성,2019-11-01,,아이비케이캐피탈 202-1,IBK CAPITAL CORPORATION 202-1,회사채,,"20,000,000,000",2019-10-31,원화,2021-02-26,일반채권,무보증,,고정금리형-이표채,공모-간접발행,국내발행,NO,"
",확정,1.66,,100,100.0,#마지막 이자 일할계산,,선순위,만기상환,NO,,NO,,,직후영업일(경과이자없음),,,직후영업일(경과이자없음),후급,3.0,발행일,3.0,절사,일자기준,365일,2020-01-31,비매출,,,무기명,,,,,한국예탁결제원,중소기업은행,한국투자증권(주),,NICE신용평가, ,한국신용평가,한국기업평가,,DBFUFB,IBK CAPITAL/1.66 Bd 20210226 Sr,,,202-1,-1
78,1945,(주)아이비케이캐피탈,KR60194559A5,B0194559A,할부금융채권 (116250),,상장,활성,2019-11-01,,아이비케이캐피탈 202-2,IBK CAPITAL CORPORATION 202-2,회사채,,"30,000,000,000",2019-10-31,원화,2022-08-31,일반채권,무보증,,고정금리형-이표채,공모-간접발행,국내발행,NO,"
",확정,1.7690000000000001,,100,100.0,#마지막 이자 일할계산,,선순위,만기상환,NO,,NO,,,직후영업일(경과이자없음),,,직후영업일(경과이자없음),후급,3.0,발행일,3.0,절사,일자기준,365일,2020-01-31,비매출,,,무기명,,,,,한국예탁결제원,중소기업은행,한국투자증권(주),,NICE신용평가, ,한국신용평가,한국기업평가,,DBFUFB,IBK CAPITAL/1.769 Bd 20220831 Sr,,,202-2,-2
81,1945,(주)아이비케이캐피탈,KR60194569A4,B0194569A,할부금융채권 (116250),,상장,활성,2019-11-01,,아이비케이캐피탈 202-3,IBK CAPITAL CORPORATION 202-3,회사채,,"10,000,000,000",2019-10-31,원화,2024-10-31,일반채권,무보증,,고정금리형-이표채,공모-간접발행,국내발행,NO,"
",확정,1.9680000000000002,,100,100.0,,,선순위,만기상환,NO,,NO,,,직후영업일(경과이자없음),,,직후영업일(경과이자없음),후급,3.0,발행일,3.0,절사,일자기준,,2020-01-31,비매출,,,무기명,,,,,한국예탁결제원,중소기업은행,한국투자증권(주),,NICE신용평가, ,한국신용평가,한국기업평가,,DBFUFB,IBK CAPITAL/1.968 Bd 20241031 Sr,,,202-3,-3
67,1945,(주)아이비케이캐피탈,KR60194519B7,B0194519B,할부금융채권 (116250),,상장폐지,비활성,2019-11-11,2021-01-11,아이비케이캐피탈 203-1,IBK CAPITAL CORPORATION 203-1,회사채,,"30,000,000,000",2019-11-08,원화,2021-01-08,일반채권,무보증,,고정금리형-이표채,공모-간접발행,국내발행,NO,"
",확정,1.665,,100,100.0,마지막 이자만 일할계산,,선순위,만기상환,NO,,NO,,,직후영업일(경과이자없음),,,직후영업일(경과이자없음),후급,3.0,발행일,3.0,절사,일자기준,365일,2020-02-08,비매출,,,무기명,,,,,한국예탁결제원,중소기업은행,KB증권(주),,NICE신용평가, ,한국신용평가,한국기업평가,,DBFUFB,IBK CAPITAL/1.665 Bd 20210108 Sr,,,203-1,-1
70,1945,(주)아이비케이캐피탈,KR60194529B6,B0194529B,할부금융채권 (116250),,상장,활성,2019-11-11,,아이비케이캐피탈 203-2,IBK CAPITAL CORPORATION 203-2,회사채,,"40,000,000,000",2019-11-08,원화,2021-08-06,일반채권,무보증,,고정금리형-이표채,공모-간접발행,국내발행,NO,"
",확정,1.719,,100,100.0,마지막 이자만 일할계산,,선순위,만기상환,NO,,NO,,,직후영업일(경과이자없음),,,직후영업일(경과이자없음),후급,3.0,발행일,3.0,절사,일자기준,365일,2020-02-08,비매출,,,무기명,,,,,한국예탁결제원,중소기업은행,KB증권(주),,NICE신용평가, ,한국신용평가,한국기업평가,,DBFUFB,IBK CAPITAL/1.719 Bd 20210806 Sr,,,203-2,-2
73,1945,(주)아이비케이캐피탈,KR60194539B5,B0194539B,할부금융채권 (116250),,상장,활성,2019-11-11,,아이비케이캐피탈 203-3,IBK CAPITAL CORPORATION 203-3,회사채,,"50,000,000,000",2019-11-08,원화,2022-11-08,일반채권,무보증,,고정금리형-이표채,공모-간접발행,국내발행,NO,"
",확정,1.831,,100,100.0,,,선순위,만기상환,NO,,NO,,,직후영업일(경과이자없음),,,직후영업일(경과이자없음),후급,3.0,발행일,3.0,절사,일자기준,,2020-02-08,비매출,,,무기명,,,,,한국예탁결제원,중소기업은행,KB증권(주),,NICE신용평가, ,한국신용평가,한국기업평가,,DBFUFB,IBK CAPITAL/1.831 Bd 20221108 Sr,,,203-3,-3
76,1945,(주)아이비케이캐피탈,KR60194549B4,B0194549B,할부금융채권 (116250),,상장,활성,2019-11-11,,아이비케이캐피탈 203-4,IBK CAPITAL CORPORATION 203-4,회사채,,"40,000,000,000",2019-11-08,원화,2024-11-08,일반채권,무보증,,고정금리형-이표채,공모-간접발행,국내발행,NO,"
",확정,2.0380000000000003,,100,100.0,,,선순위,만기상환,NO,,NO,,,직후영업일(경과이자없음),,,직후영업일(경과이자없음),후급,3.0,발행일,3.0,절사,일자기준,,2020-02-08,비매출,,,무기명,,,,,한국예탁결제원,중소기업은행,KB증권(주),,NICE신용평가, ,한국신용평가,한국기업평가,,DBFUFB,IBK CAPITAL/2.038 Bd 20241108 Sr,,,203-4,-4
79,1945,(주)아이비케이캐피탈,KR60194559B3,B0194559B,할부금융채권 (116250),,상장폐지,비활성,2019-11-28,2020-12-28,아이비케이캐피탈 204-1,IBK CAPITAL CORPORATION 204-1,회사채,,"10,000,000,000",2019-11-27,원화,2020-12-24,일반채권,무보증,,고정금리형-이표채,공모-간접발행,국내발행,NO,"
",확정,1.703,,100,100.0,,,선순위,만기상환,NO,,NO,,,직후영업일(경과이자없음),,,직후영업일(경과이자없음),후급,3.0,발행일,3.0,절사,일자기준,365일,2020-02-27,비매출,,,무기명,,,,,한국예탁결제원,중소기업은행,미래에셋대우(주),,NICE신용평가, ,한국신용평가,한국기업평가,,DBFUFB,IBK CAPITAL/1.703 Bd 20201224 Sr,,,204-1,-1
82,1945,(주)아이비케이캐피탈,KR60194569B2,B0194569B,할부금융채권 (116250),,상장,활성,2019-11-28,,아이비케이캐피탈 204-2,IBK CAPITAL CORPORATION 204-2,회사채,,"30,000,000,000",2019-11-27,원화,2021-11-26,일반채권,무보증,,고정금리형-이표채,공모-간접발행,국내발행,NO,"
",확정,1.73,,100,100.0,,,선순위,만기상환,NO,,NO,,,직후영업일(경과이자없음),,,직후영업일(경과이자없음),후급,3.0,발행일,3.0,절사,일자기준,365일,2020-02-27,비매출,,,무기명,,,,,한국예탁결제원,중소기업은행,미래에셋대우(주),,NICE신용평가, ,한국신용평가,한국기업평가,,DBFUFB,IBK CAPITAL/1.73 Bd 20211126 Sr,,,204-2,-2
84,1945,(주)아이비케이캐피탈,KR60194579B1,B0194579B,할부금융채권 (116250),,상장,활성,2019-11-28,,아이비케이캐피탈 204-3,IBK CAPITAL CORPORATION 204-3,회사채,,"10,000,000,000",2019-11-27,원화,2022-10-27,일반채권,무보증,,고정금리형-이표채,공모-간접발행,국내발행,NO,"
",확정,1.7819999999999998,,100,100.0,,,선순위,만기상환,NO,,NO,,,직후영업일(경과이자없음),,,직후영업일(경과이자없음),후급,3.0,발행일,3.0,절사,일자기준,365일,2020-02-27,비매출,,,무기명,,,,,한국예탁결제원,중소기업은행,미래에셋대우(주),,NICE신용평가, ,한국신용평가,한국기업평가,,DBFUFB,IBK CAPITAL/1.782 Bd 20221027 Sr,,,204-3,-3
86,1945,(주)아이비케이캐피탈,KR60194589B0,B0194589B,할부금융채권 (116250),,상장,활성,2019-11-28,,아이비케이캐피탈 204-4,IBK CAPITAL CORPORATION 204-4,회사채,,"10,000,000,000",2019-11-27,원화,2023-11-27,일반채권,무보증,,고정금리형-이표채,공모-간접발행,국내발행,NO,"
",확정,1.8330000000000002,,100,100.0,,,선순위,만기상환,NO,,NO,,,직후영업일(경과이자없음),,,직후영업일(경과이자없음),후급,3.0,발행일,3.0,절사,일자기준,,2020-02-27,비매출,,,무기명,,,,,한국예탁결제원,중소기업은행,미래에셋대우(주),,NICE신용평가, ,한국신용평가,한국기업평가,,DBFUFB,IBK CAPITAL/1.833 Bd 20231127 Sr,,,204-4,-4
68,1945,(주)아이비케이캐피탈,KR60194519C5,B0194519C,할부금융채권 (116250),,상장,활성,2019-12-09,,아이비케이캐피탈 205-1,IBK CAPITAL CORPORATION 205-1,회사채,,"30,000,000,000",2019-12-06,원화,2021-03-05,일반채권,무보증,,고정금리형-이표채,공모-간접발행,국내발행,NO,"
",확정,1.693,,100,100.0,마지막 이자만 일할계산,,선순위,만기상환,NO,,NO,,,직후영업일(경과이자없음),,,직후영업일(경과이자없음),후급,3.0,발행일,3.0,절사,일자기준,365일,2020-03-06,비매출,,,무기명,,,,,한국예탁결제원,중소기업은행,KB증권(주),,NICE신용평가, ,한국신용평가,한국기업평가,,DBFUFB,IBK CAPITAL/1.693 Bd 20210305 Sr,,,205-1,-1
71,1945,(주)아이비케이캐피탈,KR60194529C4,B0194529C,할부금융채권 (116250),,상장,활성,2019-12-09,,아이비케이캐피탈 205-2,IBK CAPITAL CORPORATION 205-2,회사채,,"40,000,000,000",2019-12-06,원화,2022-12-06,일반채권,무보증,,고정금리형-이표채,공모-간접발행,국내발행,NO,"
",확정,1.7619999999999998,,100,100.0,,,선순위,만기상환,NO,,NO,,,직후영업일(경과이자없음),,,직후영업일(경과이자없음),후급,3.0,발행일,3.0,절사,일자기준,,2020-03-06,비매출,,,무기명,,,,,한국예탁결제원,중소기업은행,KB증권(주),,NICE신용평가, ,한국신용평가,한국기업평가,,DBFUFB,IBK CAPITAL/1.762 Bd 20221206 Sr,,,205-2,-2
74,1945,(주)아이비케이캐피탈,KR60194539C3,B0194539C,할부금융채권 (116250),,상장,활성,2019-12-09,,아이비케이캐피탈 205-3,IBK CAPITAL CORPORATION 205-3,회사채,,"20,000,000,000",2019-12-06,원화,2024-12-06,일반채권,무보증,,고정금리형-이표채,공모-간접발행,국내발행,NO,"
",확정,1.885,,100,100.0,,,선순위,만기상환,NO,,NO,,,직후영업일(경과이자없음),,,직후영업일(경과이자없음),후급,3.0,발행일,3.0,절사,일자기준,,2020-03-06,비매출,,,무기명,,,,,한국예탁결제원,중소기업은행,KB증권(주),,NICE신용평가, ,한국신용평가,한국기업평가,,DBFUFB,IBK CAPITAL/1.885 Bd 20241206 Sr,,,205-3,-3
77,1945,(주)아이비케이캐피탈,KR60194549C2,B0194549C,할부금융채권 (116250),,상장폐지,비활성,2019-12-20,2021-01-20,아이비케이캐피탈 206-1,IBK CAPITAL CORPORATION 206-1,회사채,,"30,000,000,000",2019-12-19,원화,2021-01-19,일반채권,무보증,,고정금리형-이표채,공모-간접발행,국내발행,NO,"
",확정,1.675,,100,100.0,,,선순위,만기상환,NO,,NO,,,직후영업일(경과이자없음),,,직후영업일(경과이자없음),후급,3.0,발행일,3.0,절사,일자기준,,2020-03-19,비매출,,,무기명,,,,,한국예탁결제원,중소기업은행,한양증권(주),,NICE신용평가, ,한국신용평가,한국기업평가,,DBFUFB,IBK CAPITAL/1.675 Bd 20210119 Sr,,,206-1,-1
80,1945,(주)아이비케이캐피탈,KR60194559C1,B0194559C,할부금융채권 (116250),,상장,활성,2019-12-20,,아이비케이캐피탈 206-2,IBK CAPITAL CORPORATION 206-2,회사채,,"20,000,000,000",2019-12-19,원화,2021-02-19,일반채권,무보증,,고정금리형-이표채,공모-간접발행,국내발행,NO,"
",확정,1.676,,100,100.0,,,선순위,만기상환,NO,,NO,,,직후영업일(경과이자없음),,,직후영업일(경과이자없음),후급,3.0,발행일,3.0,절사,일자기준,,2020-03-19,비매출,,,무기명,,,,,한국예탁결제원,중소기업은행,한양증권(주),,NICE신용평가, ,한국신용평가,한국기업평가,,DBFUFB,IBK CAPITAL/1.676 Bd 20210219 Sr,,,206-2,-2
83,1945,(주)아이비케이캐피탈,KR60194569C0,B0194569C,할부금융채권 (116250),,상장,활성,2019-12-20,,아이비케이캐피탈 206-3,IBK CAPITAL CORPORATION 206-3,회사채,,"30,000,000,000",2019-12-19,원화,2021-11-19,일반채권,무보증,,고정금리형-이표채,공모-간접발행,국내발행,NO,"
",확정,1.689,,100,100.0,,,선순위,만기상환,NO,,NO,,,직후영업일(경과이자없음),,,직후영업일(경과이자없음),후급,3.0,발행일,3.0,절사,일자기준,,2020-03-19,비매출,,,무기명,,,,,한국예탁결제원,중소기업은행,한양증권(주),,NICE신용평가, ,한국신용평가,한국기업평가,,DBFUFB,IBK CAPITAL/1.689 Bd 20211119 Sr,,,206-3,-3
85,1945,(주)아이비케이캐피탈,KR60194579C9,B0194579C,할부금융채권 (116250),,상장,활성,2019-12-20,,아이비케이캐피탈 206-4,IBK CAPITAL CORPORATION 206-4,회사채,,"40,000,000,000",2019-12-19,원화,2022-07-19,일반채권,무보증,,고정금리형-이표채,공모-간접발행,국내발행,NO,"
",확정,1.715,,100,100.0,,,선순위,만기상환,NO,,NO,,,직후영업일(경과이자없음),,,직후영업일(경과이자없음),후급,3.0,발행일,3.0,절사,일자기준,,2020-03-19,비매출,,,무기명,,,,,한국예탁결제원,중소기업은행,한양증권(주),,NICE신용평가, ,한국신용평가,한국기업평가,,DBFUFB,IBK CAPITAL/1.715 Bd 20220719 Sr,,,206-4,-4
87,1945,(주)아이비케이캐피탈,KR60194589C8,B0194589C,할부금융채권 (116250),,상장,활성,2019-12-20,,아이비케이캐피탈 206-5,IBK CAPITAL CORPORATION 206-5,회사채,,"50,000,000,000",2019-12-19,원화,2023-01-19,일반채권,무보증,,고정금리형-이표채,공모-간접발행,국내발행,NO,"
",확정,1.726,,100,100.0,,,선순위,만기상환,NO,,NO,,,직후영업일(경과이자없음),,,직후영업일(경과이자없음),후급,3.0,발행일,3.0,절사,일자기준,,2020-03-19,비매출,,,무기명,,,,,한국예탁결제원,중소기업은행,한양증권(주),,NICE신용평가, ,한국신용평가,한국기업평가,,DBFUFB,IBK CAPITAL/1.726 Bd 20230119 Sr,,,206-5,-5
88,1945,(주)아이비케이캐피탈,KR60194599C7,B0194599C,할부금융채권 (116250),,상장,활성,2019-12-20,,아이비케이캐피탈 206-6,IBK CAPITAL CORPORATION 206-6,회사채,,"30,000,000,000",2019-12-19,원화,2024-12-19,일반채권,무보증,,고정금리형-이표채,공모-간접발행,국내발행,NO,"
",확정,1.851,,100,100.0,,,선순위,만기상환,NO,,NO,,,직후영업일(경과이자없음),,,직후영업일(경과이자없음),후급,3.0,발행일,3.0,절사,일자기준,,2020-03-19,비매출,,,무기명,,,,,한국예탁결제원,중소기업은행,한양증권(주),,NICE신용평가, ,한국신용평가,한국기업평가,,DBFUFB,IBK CAPITAL/1.851 Bd 20241219 Sr,,,206-6,-6
89,1945,(주)아이비케이캐피탈,KR601945A9C2,B01945A9C,할부금융채권 (116250),,상장,활성,2019-12-30,,아이비케이캐피탈 207-1,IBK CAPITAL CORPORATION 207-1,회사채,,"40,000,000,000",2019-12-27,원화,2021-07-27,일반채권,무보증,,고정금리형-이표채,공모-간접발행,국내발행,NO,"
",확정,1.6669999999999998,,100,100.0,,,선순위,만기상환,NO,,NO,,,직후영업일(경과이자없음),,,직후영업일(경과이자없음),후급,3.0,발행일,3.0,절사,일자기준,365일,2020-03-27,비매출,,,무기명,,,,,한국예탁결제원,중소기업은행,한국투자증권(주),,NICE신용평가, ,한국신용평가,한국기업평가,,DBFUFB,IBK CAPITAL/1.667 Bd 20210727 Sr,,,207-1,-1
90,1945,(주)아이비케이캐피탈,KR601945B9C1,B01945B9C,할부금융채권 (116250),,상장,활성,2019-12-30,,아이비케이캐피탈 207-2,IBK CAPITAL CORPORATION 207-2,회사채,,"30,000,000,000",2019-12-27,원화,2021-12-27,일반채권,무보증,,고정금리형-이표채,공모-간접발행,국내발행,NO,"
",확정,1.672,,100,100.0,,,선순위,만기상환,NO,,NO,,,직후영업일(경과이자없음),,,직후영업일(경과이자없음),후급,3.0,발행일,3.0,절사,일자기준,,2020-03-27,비매출,,,무기명,,,,,한국예탁결제원,중소기업은행,한국투자증권(주),,NICE신용평가, ,한국신용평가,한국기업평가,,DBFUFB,IBK CAPITAL/1.672 Bd 20211227 Sr,,,207-2,-2
91,1945,(주)아이비케이캐피탈,KR601945C9C0,B01945C9C,할부금융채권 (116250),,상장,활성,2019-12-30,,아이비케이캐피탈 207-3,IBK CAPITAL CORPORATION 207-3,회사채,,"50,000,000,000",2019-12-27,원화,2022-10-27,일반채권,무보증,,고정금리형-이표채,공모-간접발행,국내발행,NO,"
",확정,1.72,,100,100.0,,,선순위,만기상환,NO,,NO,,,직후영업일(경과이자없음),,,직후영업일(경과이자없음),후급,3.0,발행일,3.0,절사,일자기준,365일,2020-03-27,비매출,,,무기명,,,,,한국예탁결제원,중소기업은행,한국투자증권(주),,NICE신용평가, ,한국신용평가,한국기업평가,,DBFUFB,IBK CAPITAL/1.72 Bd 20221027 Sr,,,207-3,-3
92,1945,(주)아이비케이캐피탈,KR601945D9C9,B01945D9C,할부금융채권 (116250),,상장,활성,2019-12-30,,아이비케이캐피탈 207-4,IBK CAPITAL CORPORATION 207-4,회사채,,"30,000,000,000",2019-12-27,원화,2022-12-27,일반채권,무보증,,고정금리형-이표채,공모-간접발행,국내발행,NO,"
",확정,1.726,,100,100.0,,,선순위,만기상환,NO,,NO,,,직후영업일(경과이자없음),,,직후영업일(경과이자없음),후급,3.0,발행일,3.0,절사,일자기준,,2020-03-27,비매출,,,무기명,,,,,한국예탁결제원,중소기업은행,한국투자증권(주),,NICE신용평가, ,한국신용평가,한국기업평가,,DBFUFB,IBK CAPITAL/1.726 Bd 20221227 Sr,,,207-4,-4
93,1945,(주)아이비케이캐피탈,KR601945E9C8,B01945E9C,할부금융채권 (116250),,상장,활성,2019-12-30,,아이비케이캐피탈 207-5,IBK CAPITAL CORPORATION 207-5,회사채,,"40,000,000,000",2019-12-27,원화,2023-03-27,일반채권,무보증,,고정금리형-이표채,공모-간접발행,국내발행,NO,"
",확정,1.731,,100,100.0,,,선순위,만기상환,NO,,NO,,,직후영업일(경과이자없음),,,직후영업일(경과이자없음),후급,3.0,발행일,3.0,절사,일자기준,,2020-03-27,비매출,,,무기명,,,,,한국예탁결제원,중소기업은행,한국투자증권(주),,NICE신용평가, ,한국신용평가,한국기업평가,,DBFUFB,IBK CAPITAL/1.731 Bd 20230327 Sr,,,207-5,-5
94,1945,(주)아이비케이캐피탈,KR601945F9C7,B01945F9C,할부금융채권 (116250),,상장,활성,2019-12-30,,아이비케이캐피탈 207-6,IBK CAPITAL CORPORATION 207-6,회사채,,"20,000,000,000",2019-12-27,원화,2024-12-27,일반채권,무보증,,고정금리형-이표채,공모-간접발행,국내발행,NO,"
",확정,1.857,,100,100.0,,,선순위,만기상환,NO,,NO,,,직후영업일(경과이자없음),,,직후영업일(경과이자없음),후급,3.0,발행일,3.0,절사,일자기준,,2020-03-27,비매출,,,무기명,,,,,한국예탁결제원,중소기업은행,한국투자증권(주),,NICE신용평가, ,한국신용평가,한국기업평가,,DBFUFB,IBK CAPITAL/1.857 Bd 20241227 Sr,,,207-6,-6
9,3,(주)우리은행,KR60000319A8,B0000319A,일반은행채 (116210),,상장,활성,2019-10-04,,우리은행 23-10-이표03-갑-02,WOORI BANK 23-10-COUP03-@-02,회사채,,"200,000,000,000",2019-10-02,원화,2022-10-02,일반채권,무보증,,고정금리형-이표채,공모-간접발행,국내발행,NO,"
",확정,1.51,,100,100.0,,,선순위,만기상환,NO,,NO,,,직후영업일(경과이자있음),,,직후영업일(경과이자없음),후급,3.0,발행일,3.0,절사,일자기준,,2020-01-02,비매출,,,무기명,,,,,한국예탁결제원,(주)우리은행,삼성증권(주),,NICE신용평가, ,한국신용평가,한국기업평가,,DBFUFB,Woori Bank/1.51 Bd 20221002 Sr,,,23-10-이표03-갑-02,10-이표03-갑-02
10,3,(주)우리은행,KR60000329A7,B0000329A,일반은행채 (116210),,상장,활성,2019-10-22,,우리은행 23-10-이표03-갑-21,WOORI BANK 23-10-COUP03-@-21,회사채,,"150,000,000,000",2019-10-21,원화,2022-10-21,일반채권,무보증,,고정금리형-이표채,공모-간접발행,국내발행,NO,"
",확정,1.57,,100,100.0,,,선순위,만기상환,NO,,NO,,,직후영업일(경과이자있음),,,직후영업일(경과이자없음),후급,3.0,발행일,3.0,절사,일자기준,,2020-01-21,비매출,,,무기명,,,,,한국예탁결제원,(주)우리은행,하나금융투자(주),,NICE신용평가, ,한국신용평가,한국기업평가,,DBFUFB,Woori Bank/1.57 Bd 20221021 Sr,,,23-10-이표03-갑-21,10-이표03-갑-21
11,3,(주)우리은행,KR60000339A6,B0000339A,일반은행채 (116210),,상장,활성,2019-10-25,,우리은행 23-10-이표03-갑-24,WOORI BANK 23-10-COUP03-@-24,회사채,,"250,000,000,000",2019-10-24,원화,2022-10-24,일반채권,무보증,,고정금리형-이표채,공모-간접발행,국내발행,NO,"
",확정,1.57,,100,100.0,,,선순위,만기상환,NO,,NO,,,직후영업일(경과이자있음),,,직후영업일(경과이자없음),후급,3.0,발행일,3.0,절사,일자기준,,2020-01-24,비매출,,,무기명,,,,,한국예탁결제원,(주)우리은행,교보증권(주),,NICE신용평가, ,한국신용평가,한국기업평가,,DBFUFB,Woori Bank/1.57 Bd 20221024 Sr,,,23-10-이표03-갑-24,10-이표03-갑-24
39,549,(주)포스코,KR60054919A0,B0054919A,일반사채 (116100),,상장,활성,2019-10-16,,POSCO 310-1,POSCO 310-1,회사채,,"610,000,000,000",2019-10-16,원화,2022-10-14,일반채권,무보증,,고정금리형-이표채,공모-간접발행,국내발행,NO,"
",확정,1.564,,100,100.0,,,선순위,만기상환,NO,,NO,,,직후영업일(경과이자없음),,,직후영업일(경과이자없음),후급,3.0,발행일,3.0,절사,일자기준,365일,2020-01-16,비매출,,,무기명,,,,,한국예탁결제원,(주)우리은행,엔에이치투자증권(주),,NICE신용평가, ,한국신용평가,,,DBFUFB,POSCO/1.564 Bd 20221014 Sr Ungtd,,,310-1,-1
40,549,(주)포스코,KR60054929A9,B0054929A,일반사채 (116100),,상장,활성,2019-10-16,,POSCO 310-2,POSCO 310-2,회사채,,"190,000,000,000",2019-10-16,원화,2024-10-16,일반채권,무보증,,고정금리형-이표채,공모-간접발행,국내발행,NO,"
",확정,1.636,,100,100.0,,,선순위,만기상환,NO,,NO,,,직후영업일(경과이자없음),,,직후영업일(경과이자없음),후급,3.0,발행일,3.0,절사,일자기준,,2020-01-16,비매출,,,무기명,,,,,한국예탁결제원,(주)우리은행,엔에이치투자증권(주),,NICE신용평가, ,,한국기업평가,,DBFUFB,POSCO/1.636 Bd 20241016 Sr Ungtd,,,310-2,-2
41,549,(주)포스코,KR60054939A8,B0054939A,일반사채 (116100),,상장,활성,2019-10-16,,POSCO 310-3,POSCO 310-3,회사채,,"200,000,000,000",2019-10-16,원화,2029-10-16,일반채권,무보증,,고정금리형-이표채,공모-간접발행,국내발행,NO,"
",확정,1.771,,100,100.0,,,선순위,만기상환,NO,,NO,,,직후영업일(경과이자없음),,,직후영업일(경과이자없음),후급,3.0,발행일,3.0,절사,일자기준,,2020-01-16,비매출,,,무기명,,,,,한국예탁결제원,(주)우리은행,엔에이치투자증권(주),,NICE신용평가, ,,한국기업평가,,DBFUFB,POSCO/1.771 Bd 20291016 Sr Ungtd,,,310-3,-3
23,367,(주)포스코케미칼,KR60036719A7,B0036719A,일반사채 (116100),,상장,활성,2019-10-07,,포스코케미칼 15-1,POSCO CHEMICAL 15-1,회사채,,"130,000,000,000",2019-10-07,원화,2022-10-07,일반채권,무보증,,고정금리형-이표채,공모-간접발행,국내발행,NO,"
",확정,1.599,,100,100.0,청약일 1영업일 전 AA- 4사 3년 만기 회사채 등급민평 -0.03%p.,,선순위,만기상환,NO,,NO,,,직후영업일(경과이자없음),,,직후영업일(경과이자없음),후급,3.0,발행일,3.0,절사,일자기준,,2020-01-07,비매출,,,무기명,,,,,한국예탁결제원,(주)우리은행,KB증권(주),,NICE신용평가, ,한국신용평가,한국기업평가,,DBFUFB,POSCO CHEMICAL/1.599 Bd 20221007 Sr,,,15-1,1
24,367,(주)포스코케미칼,KR60036729A6,B0036729A,일반사채 (116100),,상장,활성,2019-10-07,,포스코케미칼 15-2,POSCO CHEMICAL 15-2,회사채,,"120,000,000,000",2019-10-07,원화,2024-10-07,일반채권,무보증,,고정금리형-이표채,공모-간접발행,국내발행,NO,"
",확정,1.6880000000000002,,100,100.0,청약일 1영업일 전 4사 AA- 5년 등급민평 -0.08%p.,,선순위,만기상환,NO,,NO,,,직후영업일(경과이자없음),,,직후영업일(경과이자없음),후급,3.0,발행일,3.0,절사,일자기준,,2020-01-07,비매출,,,무기명,,,,,한국예탁결제원,(주)우리은행,KB증권(주),,NICE신용평가, ,한국신용평가,한국기업평가,,DBFUFB,POSCO CHEMICAL/1.688 Bd 20241007 Sr,,,15-2,2
29,494,(주)하나은행,KR60049419B7,B0049419B,일반은행채 (116210),,상장,활성,2019-11-14,,하나은행 조건부자본증권(상) 42-11이10갑-13(후),Hana Bank CoCoBond(PWD) 42-11COUP10@-13(D),회사채,,"300,000,000,000",2019-11-13,원화,2029-11-13,일반채권,무보증,,고정금리형-이표채,공모-간접발행,국내발행,NO,"
",확정,2.42,,100,100.0,,,후순위,만기상환,NO,,NO,상각형,,직후영업일(경과이자있음),,,직후영업일(경과이자없음),후급,3.0,발행일,3.0,절사,일자기준,,2020-02-13,비매출,,,무기명,,,,,한국예탁결제원,(주)하나은행,KB증권(주),,NICE신용평가, ,한국신용평가,한국기업평가,,DBFUFB,KEB Hana Bank/2.42 Bd 20291113 Jr,,,42-11이10갑-13,11이10갑-13
60,1683,(주)한국씨티은행,KR60168319B4,B0168319B,일반은행채 (116210),,상장,활성,2019-12-16,,한국씨티은행 23-11 이 02-A21(변),CITIBANK KOREA 23-11 FRN 02-A21,회사채,,"200,000,000,000",2019-11-21,원화,2021-11-21,일반채권,무보증,,변동금리형-이표채,공모-간접발행,국내발행,NO,"
",확정,1.69,,100,100.0,,,선순위,만기상환,NO,,NO,,,직후영업일(경과이자있음),,,직후영업일(경과이자없음),후급,3.0,발행일,3.0,절상,일자기준,,2020-02-21,비매출,,,무기명,,,,,한국예탁결제원,(주)한국씨티은행,하이투자증권(주),,NICE신용평가, ,한국신용평가,한국기업평가,,DBVUFB,CITI BK/Disc Bd 20211121 Sr Ungtd,,,23-11,11
13,37621,DL케미칼 주식회사,KR60002119A0,B0002119A,일반사채 (116100),21.0,상장,활성,2019-10-04,,DL케미칼 263-1,DL Chemical 263-1,회사채,,"150,000,000,000",2019-10-04,원화,2022-10-04,일반채권,무보증,,고정금리형-이표채,공모-간접발행,국내발행,NO,"
",확정,1.7180000000000002,,100,100.0,납입일 전일 개별민평4사 -0.02%p.,,선순위,만기상환,NO,,NO,,,직후영업일(경과이자없음),,,직후영업일(경과이자없음),후급,3.0,발행일,3.0,절사,일자기준,,2020-01-04,비매출,,,무기명,,,,,한국예탁결제원,(주)우리은행,KB증권(주),,NICE신용평가, ,한국신용평가,한국기업평가,,DBFUFB,DAELIM IND/1.718 Bd 20221004 Sr,,,263-1,-1
30,508,GS칼텍스(주),KR60050819A6,B0050819A,일반사채 (116100),,상장,활성,2019-10-29,,GS칼텍스 139-1(녹),GS CALTEX 139-1(G),회사채,,"60,000,000,000",2019-10-29,원화,2022-10-29,일반채권,무보증,,고정금리형-이표채,공모-간접발행,국내발행,NO,"
",확정,1.7690000000000001,,100,100.0,,,선순위,만기상환,NO,,NO,,,직후영업일(경과이자없음),,,직후영업일(경과이자없음),후급,3.0,발행일,3.0,절사,일자기준,,2020-01-29,비매출,,,무기명,,,,,한국예탁결제원,(주)하나은행,KB증권(주),,NICE신용평가, ,한국신용평가,한국기업평가,,DBFUFB,GS CALTEX/1.769 Bd 20221029 Sr,,,139-1,-1
31,508,GS칼텍스(주),KR60050829A5,B0050829A,일반사채 (116100),,상장,활성,2019-10-29,,GS칼텍스 139-2(녹),GS CALTEX 139-2(G),회사채,,"70,000,000,000",2019-10-29,원화,2029-10-29,일반채권,무보증,,고정금리형-이표채,공모-간접발행,국내발행,NO,"
",확정,1.99,,100,100.0,,,선순위,만기상환,NO,,NO,,,직후영업일(경과이자없음),,,직후영업일(경과이자없음),후급,3.0,발행일,3.0,절사,일자기준,,2020-01-29,비매출,,,무기명,,,,,한국예탁결제원,(주)하나은행,KB증권(주),,NICE신용평가, ,한국신용평가,한국기업평가,,DBFUFB,GS CALTEX/1.99 Bd 20291029 Sr Ungtd,,,139-2,-2
54,1095,S-Oil(주),KR60109519B1,B0109519B,일반사채 (116100),,상장,활성,2019-11-04,,S-Oil 55-1,SOIL CORPORATION 55-1,회사채,,"160,000,000,000",2019-11-04,원화,2024-11-04,일반채권,무보증,,고정금리형-이표채,공모-간접발행,국내발행,NO,"
",확정,1.9040000000000001,,100,100.0,,,선순위,만기상환,NO,,NO,,,직후영업일(경과이자없음),,,직후영업일(경과이자없음),후급,3.0,발행일,3.0,절사,일자기준,,2020-02-04,비매출,,,무기명,,,,,한국예탁결제원,(주)신한은행,엔에이치투자증권(주),,NICE신용평가, ,한국신용평가,한국기업평가,,DBFUFB,S-Oil/1.904 Bd 20241104 Sr Ungtd,,,55-1,1
55,1095,S-Oil(주),KR60109529B0,B0109529B,일반사채 (116100),,상장,활성,2019-11-04,,S-Oil 55-2,SOIL CORPORATION 55-2,회사채,,"40,000,000,000",2019-11-04,원화,2026-11-04,일반채권,무보증,,고정금리형-이표채,공모-간접발행,국내발행,NO,"
",확정,1.926,,100,100.0,,,선순위,만기상환,NO,,NO,,,직후영업일(경과이자없음),,,직후영업일(경과이자없음),후급,3.0,발행일,3.0,절사,일자기준,,2020-02-04,비매출,,,무기명,,,,,한국예탁결제원,(주)신한은행,엔에이치투자증권(주),,NICE신용평가, ,한국신용평가,한국기업평가,,DBFUFB,S-Oil/1.926 Bd 20261104 Sr Ungtd,,,55-2,2
56,1095,S-Oil(주),KR60109539B9,B0109539B,일반사채 (116100),,상장,활성,2019-11-04,,S-Oil 55-3,SOIL CORPORATION 55-3,회사채,,"60,000,000,000",2019-11-04,원화,2029-11-04,일반채권,무보증,,고정금리형-이표채,공모-간접발행,국내발행,NO,"
",확정,2.102,,100,100.0,,,선순위,만기상환,NO,,NO,,,직후영업일(경과이자없음),,,직후영업일(경과이자없음),후급,3.0,발행일,3.0,절사,일자기준,,2020-02-04,비매출,,,무기명,,,,,한국예탁결제원,(주)신한은행,엔에이치투자증권(주),,NICE신용평가, ,한국신용평가,한국기업평가,,DBFUFB,S-Oil/2.102 Bd 20291104 Sr Ungtd,,,55-3,3
61,1767,SK텔레콤(주),KR60176719A7,B0176719A,일반사채 (116100),,상장,활성,2019-10-22,,SK텔레콤 77-1,SK TELECOM 77-1,회사채,,"230,000,000,000",2019-10-22,원화,2022-10-21,일반채권,무보증,,고정금리형-이표채,공모-간접발행,국내발행,NO,"
",확정,1.694,,100,100.0,개별민평3년+4bp,,선순위,만기상환,NO,,NO,,,직후영업일(경과이자없음),,,직후영업일(경과이자없음),후급,3.0,발행일,3.0,절사,일자기준,365일,2020-01-22,비매출,,,무기명,,,,,한국예탁결제원,(주)신한은행,한국투자증권(주),,NICE신용평가, ,한국신용평가,한국기업평가,,DBFUFB,SK TELECOM/1.694 Bd 20221021 Sr,,,77-1,1
62,1767,SK텔레콤(주),KR60176729A6,B0176729A,일반사채 (116100),,상장,활성,2019-10-22,,SK텔레콤 77-2,SK TELECOM 77-2,회사채,,"70,000,000,000",2019-10-22,원화,2024-10-22,일반채권,무보증,,고정금리형-이표채,공모-간접발행,국내발행,NO,"
",확정,1.755,,100,100.0,개별민평5년+3bp,,선순위,만기상환,NO,,NO,,,직후영업일(경과이자없음),,,직후영업일(경과이자없음),후급,3.0,발행일,3.0,절사,일자기준,,2020-01-22,비매출,,,무기명,,,,,한국예탁결제원,(주)신한은행,한국투자증권(주),,NICE신용평가, ,한국신용평가,한국기업평가,,DBFUFB,SK TELECOM/1.755 Bd 20241022 Sr,,,77-2,2
63,1767,SK텔레콤(주),KR60176739A5,B0176739A,일반사채 (116100),,상장,활성,2019-10-22,,SK텔레콤 77-3,SK TELECOM 77-3,회사채,,"40,000,000,000",2019-10-22,원화,2029-10-22,일반채권,무보증,,고정금리형-이표채,공모-간접발행,국내발행,NO,"
",확정,1.785,,100,100.0,개별민평10년-2bp,,선순위,만기상환,NO,,NO,,,직후영업일(경과이자없음),,,직후영업일(경과이자없음),후급,3.0,발행일,3.0,절사,일자기준,,2020-01-22,비매출,,,무기명,,,,,한국예탁결제원,(주)신한은행,한국투자증권(주),,NICE신용평가, ,한국신용평가,한국기업평가,,DBFUFB,SK TELECOM/1.785 Bd 20291022 Sr,,,77-3,3
64,1767,SK텔레콤(주),KR60176749A4,B0176749A,일반사채 (116100),,상장,활성,2019-10-22,,SK텔레콤 77-4,SK TELECOM 77-4,회사채,,"60,000,000,000",2019-10-22,원화,2039-10-22,일반채권,무보증,,고정금리형-이표채,공모-간접발행,국내발행,NO,"
",확정,1.809,,100,100.0,개별민평20년-1bp,,선순위,만기상환,NO,,NO,,,직후영업일(경과이자없음),,,직후영업일(경과이자없음),후급,3.0,발행일,3.0,절사,일자기준,,2020-01-22,비매출,,,무기명,,,,,한국예탁결제원,(주)신한은행,한국투자증권(주),,NICE신용평가, ,한국신용평가,한국기업평가,,DBFUFB,SK TELECOM/1.809 Bd 20391022 Sr,,,77-4,4
14,21,디엘 주식회사,KR60002129A9,B0002129A,일반사채 (116100),,상장,활성,2019-10-04,,DL 263-2,DL 263-2,회사채,,"150,000,000,000",2019-10-04,원화,2024-10-04,일반채권,무보증,,고정금리형-이표채,공모-간접발행,국내발행,NO,"
",확정,1.935,,100,100.0,납입일 전일 개별민평4사 PAR,,선순위,만기상환,NO,,NO,,,직후영업일(경과이자없음),,,직후영업일(경과이자없음),후급,3.0,발행일,3.0,절사,일자기준,,2020-01-04,비매출,,,무기명,,,,,한국예탁결제원,(주)우리은행,KB증권(주),,NICE신용평가, ,한국신용평가,한국기업평가,,DBFUFB,DAELIM IND/1.935 Bd 20241004 Sr,,,263-2,-2
16,82,롯데건설(주),KR60008219A2,B0008219A,일반사채 (116100),,상장,활성,2019-10-08,,롯데건설 133-1,LOTTE CONSTRUCTION 133-1,회사채,,"110,000,000,000",2019-10-08,원화,2022-10-07,일반채권,무보증,,고정금리형-이표채,공모-간접발행,국내발행,NO,"
",확정,1.774,,100,100.0,,,선순위,만기상환,NO,,NO,,,직후영업일(경과이자없음),,,직후영업일(경과이자없음),후급,3.0,발행일,3.0,절사,일자기준,,2020-01-08,비매출,,,무기명,,,,,한국예탁결제원,(주)국민은행,신한금융투자(주),,NICE신용평가, ,,한국기업평가,,DBFUFB,LOTTE CONST/1.774 Bd 20221007 Sr,,,133-1,-1
17,82,롯데건설(주),KR60008229A1,B0008229A,일반사채 (116100),,상장,활성,2019-10-08,,롯데건설 133-2,LOTTE CONSTRUCTION 133-2,회사채,,"25,000,000,000",2019-10-08,원화,2024-10-08,일반채권,무보증,,고정금리형-이표채,공모-간접발행,국내발행,NO,"
",확정,2.509,,100,100.0,,,선순위,만기상환,NO,,NO,,,직후영업일(경과이자없음),,,직후영업일(경과이자없음),후급,3.0,발행일,3.0,절사,일자기준,,2020-01-08,비매출,,,무기명,,,,,한국예탁결제원,(주)국민은행,신한금융투자(주),,NICE신용평가, ,,한국기업평가,,DBFUFB,LOTTE CONST/2.509 Bd 20241008 Sr,,,133-2,-2
15,40,롯데손해보험(주),KR60004019C6,B0004019C,일반사채 (116100),,상장,활성,2019-12-26,,롯데손해보험 7(후),Lotte Non-Life Insurance 7(D),회사채,,"80,000,000,000",2019-12-26,원화,2029-12-26,일반채권,무보증,,변동금리형-이표채,공모-간접발행,국내발행,NO,"
",확정,5.0,,100,100.0,발행일로부터 5년째 되는날 이자율 조정,Call(콜),후순위,만기상환,NO,,NO,,,직후영업일(경과이자없음),,,직후영업일(경과이자없음),후급,3.0,발행일,3.0,절사,일자기준,,2020-03-26,비매출,,,무기명,,,,,한국예탁결제원,(주)우리은행,메리츠증권(주),,, ,한국신용평가,한국기업평가,,DBVUGB,Lotte Insurance/Disc Bd 20291226 Jr,발행기관,금감원 승인 후 발행기관 요청 시,7,
35,530,롯데칠성음료(주),KR60053019A0,B0053019A,일반사채 (116100),,상장,활성,2019-10-02,,롯데칠성음료 50-1,LOTTE CHILSUNG BEVERAGE 50-1,회사채,,"70,000,000,000",2019-10-02,원화,2022-09-30,일반채권,무보증,,고정금리형-이표채,공모-간접발행,국내발행,NO,"
",확정,1.686,,100,100.0,,,선순위,만기상환,NO,,NO,,,직후영업일(경과이자없음),,,직후영업일(경과이자없음),후급,3.0,발행일,3.0,절사,일자기준,365일,2020-01-02,비매출,,,무기명,,,,,한국예탁결제원,(주)하나은행,KB증권(주),,NICE신용평가, ,한국신용평가,,,DBFUFB,LOTTE CHILSUNG/1.686 Bd 20220930 Sr,,,50-1,1
36,530,롯데칠성음료(주),KR60053029A9,B0053029A,일반사채 (116100),,상장,활성,2019-10-02,,롯데칠성음료 50-2,LOTTE CHILSUNG BEVERAGE 50-2,회사채,,"70,000,000,000",2019-10-02,원화,2024-10-02,일반채권,무보증,,고정금리형-이표채,공모-간접발행,국내발행,NO,"
",확정,1.825,,100,100.0,,,선순위,만기상환,NO,,NO,,,직후영업일(경과이자없음),,,직후영업일(경과이자없음),후급,3.0,발행일,3.0,절사,일자기준,,2020-01-02,비매출,,,무기명,,,,,한국예탁결제원,(주)하나은행,KB증권(주),,NICE신용평가, ,한국신용평가,,,DBFUFB,LOTTE CHILSUNG/1.825 Bd 20241002 Sr,,,50-2,2
37,530,롯데칠성음료(주),KR60053039A8,B0053039A,일반사채 (116100),,상장,활성,2019-10-02,,롯데칠성음료 50-3,LOTTE CHILSUNG BEVERAGE 50-3,회사채,,"60,000,000,000",2019-10-02,원화,2029-10-02,일반채권,무보증,,고정금리형-이표채,공모-간접발행,국내발행,NO,"
",확정,2.307,,100,100.0,,,선순위,만기상환,NO,,NO,,,직후영업일(경과이자없음),,,직후영업일(경과이자없음),후급,3.0,발행일,3.0,절사,일자기준,,2020-01-02,비매출,,,무기명,,,,,한국예탁결제원,(주)하나은행,KB증권(주),,NICE신용평가, ,한국신용평가,,,DBFUFB,LOTTE CHILSUNG/2.307 Bd 20291002 Sr,,,50-3,3
12,6,메리츠화재해상보험(주),KR60000619B9,B0000619B,일반사채 (116100),,상장,활성,2019-11-08,,메리츠화재해상보험 5(후),Meritz Fire & Marine Insurance 5(D),회사채,,"250,000,000,000",2019-11-08,원화,2029-11-08,일반채권,무보증,,변동금리형-이표채,공모-간접발행,국내발행,NO,"
",확정,3.3,,100,100.0,"5년후익일이후 콜옵션 행사 가능, 5년째 되는날 이자율 조정",Call(콜),후순위,만기상환,NO,,NO,,,직후영업일(경과이자없음),,,직후영업일(경과이자없음),후급,3.0,발행일,3.0,절사,일자기준,,2020-02-08,비매출,,,무기명,,,,,한국예탁결제원,(주)우리은행,KB증권(주),,NICE신용평가, ,한국신용평가,,,DBVUGB,Meritz/Disc Bd 20291108 Jr Ungtd,발행기관,금감원 승인 후 발행기관 요청시,5,
42,827,산은캐피탈(주),KR60082719A0,B0082719A,리스채권 (116230),,상장,활성,2019-10-23,,산은캐피탈 633-1,KDB CAPITAL CORPORATION 633-1,회사채,,"50,000,000,000",2019-10-22,원화,2021-10-22,일반채권,무보증,,고정금리형-이표채,공모-간접발행,국내발행,NO,"
",확정,1.591,,100,100.0,,,선순위,만기상환,NO,,NO,,,직후영업일(경과이자없음),,,직후영업일(경과이자없음),후급,3.0,발행일,3.0,절사,일자기준,,2020-01-22,비매출,,,무기명,,,,,한국예탁결제원,한국산업은행,엔에이치투자증권(주),,NICE신용평가, ,한국신용평가,한국기업평가,,DBFUFB,KDB CAPITAL/1.591 Bd 20211022 Sr,,,633-1,-1
45,827,산은캐피탈(주),KR60082729A9,B0082729A,리스채권 (116230),,상장,활성,2019-10-23,,산은캐피탈 633-2,KDB CAPITAL CORPORATION 633-2,회사채,,"40,000,000,000",2019-10-22,원화,2022-10-21,일반채권,무보증,,고정금리형-이표채,공모-간접발행,국내발행,NO,"
",확정,1.671,,100,100.0,,,선순위,만기상환,NO,,NO,,,직후영업일(경과이자없음),,,직후영업일(경과이자없음),후급,3.0,발행일,3.0,절사,일자기준,365일,2020-01-22,비매출,,,무기명,,,,,한국예탁결제원,한국산업은행,엔에이치투자증권(주),,NICE신용평가, ,한국신용평가,한국기업평가,,DBFUFB,KDB CAPITAL/1.671 Bd 20221021 Sr,,,633-2,-2
47,827,산은캐피탈(주),KR60082739A8,B0082739A,리스채권 (116230),,상장,활성,2019-10-31,,산은캐피탈 634,KDB CAPITAL CORPORATION 634,회사채,,"40,000,000,000",2019-10-30,원화,2022-10-28,일반채권,무보증,,고정금리형-이표채,공모-간접발행,국내발행,NO,"
",확정,1.8359999999999999,,100,100.0,마지막 이자만 일할계산,,선순위,만기상환,NO,,NO,,,직후영업일(경과이자없음),,,직후영업일(경과이자없음),후급,3.0,발행일,3.0,절사,일자기준,365일,2020-01-30,비매출,,,무기명,,,,,한국예탁결제원,한국산업은행,KB증권(주),,NICE신용평가, ,한국신용평가,한국기업평가,,DBFUFB,KDB CAPITAL/1.836 Bd 20221028 Sr,,,634,
43,827,산은캐피탈(주),KR60082719B8,B0082719B,리스채권 (116230),,상장,활성,2019-11-11,,산은캐피탈 635-1,KDB CAPITAL CORPORATION 635-1,회사채,,"20,000,000,000",2019-11-08,원화,2021-05-07,일반채권,무보증,,고정금리형-이표채,공모-간접발행,국내발행,NO,"
",확정,1.6980000000000002,,100,100.0,마지막 이자만 일할계산,,선순위,만기상환,NO,,NO,,,직후영업일(경과이자없음),,,직후영업일(경과이자없음),후급,3.0,발행일,3.0,절사,일자기준,365일,2020-02-08,비매출,,,무기명,,,,,한국예탁결제원,한국산업은행,KB증권(주),,NICE신용평가, ,한국신용평가,한국기업평가,,DBFUFB,KDB CAPITAL/1.698 Bd 20210507 Sr,,,635-1,-1
46,827,산은캐피탈(주),KR60082729B7,B0082729B,리스채권 (116230),,상장,활성,2019-11-11,,산은캐피탈 635-2,KDB CAPITAL CORPORATION 635-2,회사채,,"40,000,000,000",2019-11-08,원화,2021-11-08,일반채권,무보증,,고정금리형-이표채,공모-간접발행,국내발행,NO,"
",확정,1.744,,100,100.0,,,선순위,만기상환,NO,,NO,,,직후영업일(경과이자없음),,,직후영업일(경과이자없음),후급,3.0,발행일,3.0,절사,일자기준,,2020-02-08,비매출,,,무기명,,,,,한국예탁결제원,한국산업은행,KB증권(주),,NICE신용평가, ,한국신용평가,한국기업평가,,DBFUFB,KDB CAPITAL/1.744 Bd 20211108 Sr,,,635-2,-2
48,827,산은캐피탈(주),KR60082739B6,B0082739B,리스채권 (116230),,상장,활성,2019-11-26,,산은캐피탈 636,KDB CAPITAL CORPORATION 636,회사채,,"40,000,000,000",2019-11-25,원화,2022-11-25,일반채권,무보증,,고정금리형-이표채,공모-간접발행,국내발행,NO,"
",확정,1.787,,100,100.0,,,선순위,만기상환,NO,,NO,,,직후영업일(경과이자없음),,,직후영업일(경과이자없음),후급,3.0,발행일,3.0,절사,일자기준,,2020-02-25,비매출,,,무기명,,,,,한국예탁결제원,한국산업은행,KB증권(주),,NICE신용평가, ,한국신용평가,한국기업평가,,DBFUFB,KDB CAPITAL/1.787 Bd 20221125 Sr,,,636,
44,827,산은캐피탈(주),KR60082719C6,B0082719C,리스채권 (116230),,상장,활성,2019-12-13,,산은캐피탈 637,KDB CAPITAL CORPORATION 637,회사채,,"80,000,000,000",2019-12-12,원화,2022-12-12,일반채권,무보증,,고정금리형-이표채,공모-간접발행,국내발행,NO,"
",확정,1.7819999999999998,,100,100.0,,,선순위,만기상환,NO,,NO,,,직후영업일(경과이자없음),,,직후영업일(경과이자없음),후급,3.0,발행일,3.0,절사,일자기준,,2020-03-12,비매출,,,무기명,,,,,한국예탁결제원,한국산업은행,KB증권(주),,NICE신용평가, ,한국신용평가,한국기업평가,,DBFUFB,KDB CAPITAL/1.782 Bd 20221212 Sr,,,637,
18,334,에스케이건설(주),KR60033419A7,B0033419A,일반사채 (116100),,상장,활성,2019-10-14,,SK건설 160,SK CONSTRUCTION 160,회사채,,"150,000,000,000",2019-10-14,원화,2022-10-14,일반채권,무보증,,고정금리형-이표채,공모-간접발행,국내발행,NO,"
",확정,2.7969999999999997,,100,100.0,,,선순위,만기상환,NO,,NO,,,직후영업일(경과이자없음),,,직후영업일(경과이자없음),후급,3.0,발행일,3.0,절사,일자기준,,2020-01-14,비매출,,,무기명,,,,,한국예탁결제원,(주)하나은행,엔에이치투자증권(주),,NICE신용평가, ,한국신용평가,한국기업평가,,DBFUFB,SK E&C/2.797 Bd 20221014 Sr Ungtd,,,160,
52,1012,엘에스일렉트릭 주식회사,KR60101219A8,B0101219A,일반사채 (116100),,상장,활성,2019-10-16,,LS ELECTRIC 181-1,LS ELECTRIC 181-1,회사채,,"70,000,000,000",2019-10-16,원화,2022-10-16,일반채권,무보증,,고정금리형-이표채,공모-간접발행,국내발행,NO,"
",확정,1.648,,100,100.0,,,선순위,만기상환,NO,,NO,,,직후영업일(경과이자없음),,,직후영업일(경과이자없음),후급,3.0,발행일,3.0,절사,일자기준,,2020-01-16,비매출,,,무기명,,,,,한국예탁결제원,농협은행(주),KB증권(주),,, ,한국신용평가,한국기업평가,,DBFUFB,LS ELECTRIC/1.648 Bd 20221016 Sr,,,181-1,-1
53,1012,엘에스일렉트릭 주식회사,KR60101229A7,B0101229A,일반사채 (116100),,상장,활성,2019-10-16,,LS ELECTRIC 181-2,LS ELECTRIC 181-2,회사채,,"80,000,000,000",2019-10-16,원화,2024-10-16,일반채권,무보증,,고정금리형-이표채,공모-간접발행,국내발행,NO,"
",확정,1.765,,100,100.0,,,선순위,만기상환,NO,,NO,,,직후영업일(경과이자없음),,,직후영업일(경과이자없음),후급,3.0,발행일,3.0,절사,일자기준,,2020-01-16,비매출,,,무기명,,,,,한국예탁결제원,농협은행(주),KB증권(주),,, ,한국신용평가,한국기업평가,,DBFUFB,LS ELECTRIC/1.765 Bd 20241016 Sr,,,181-2,-2
25,369,코리안리재보험(주),KR60036919A3,B0036919A,일반사채 (116100),,상장,활성,2019-10-21,,코리안리재보험 신종자본증권 2,Korean Reinsurance Company HYBRID BOND 2,회사채,,"230,000,000,000",2019-10-21,원화,2049-10-21,일반채권,무보증,,변동금리형-이표채,공모-간접발행,국내발행,NO,"
",확정,3.4,,100,100.0,"발행일로부터 5년째되는날 기준금리 조정, 10년째 가산금리 조정",Call(콜),후후순위,만기상환,NO,,YES,,,직후영업일(경과이자없음),,,직후영업일(경과이자없음),후급,3.0,발행일,3.0,절사,일자기준,,2020-01-21,비매출,,,무기명,,,,,한국예탁결제원,(주)국민은행,엔에이치투자증권(주),,NICE신용평가, ,한국신용평가,,,DBVUGB,Korean Re/Disc Bd 20491021 Jr Sub,발행기관,발행회사의 재량에 의한 선택,2,
96,1980,하나캐피탈(주),KR60198019A6,B0198019A,할부금융채권 (116250),,상장,활성,2019-10-15,,하나캐피탈 291-1,HANA CAPITAL 291-1,회사채,,"30,000,000,000",2019-10-14,원화,2021-10-14,일반채권,무보증,,고정금리형-이표채,공모-간접발행,국내발행,NO,"
",확정,1.579,,100,100.0,,,선순위,만기상환,NO,,NO,,,직후영업일(경과이자없음),,,직후영업일(경과이자없음),후급,3.0,발행일,3.0,절사,일자기준,,2020-01-14,비매출,,,무기명,,,,,한국예탁결제원,(주)하나은행,엔에이치투자증권(주),,NICE신용평가, ,한국신용평가,한국기업평가,,DBFUFB,HANA CAPITAL/1.579 Bd 20211014 Sr,,,291-1,-1
99,1980,하나캐피탈(주),KR60198029A5,B0198029A,할부금융채권 (116250),,상장,활성,2019-10-15,,하나캐피탈 291-2,HANA CAPITAL 291-2,회사채,,"30,000,000,000",2019-10-14,원화,2022-04-14,일반채권,무보증,,고정금리형-이표채,공모-간접발행,국내발행,NO,"
",확정,1.595,,100,100.0,,,선순위,만기상환,NO,,NO,,,직후영업일(경과이자없음),,,직후영업일(경과이자없음),후급,3.0,발행일,3.0,절사,일자기준,,2020-01-14,비매출,,,무기명,,,,,한국예탁결제원,(주)하나은행,엔에이치투자증권(주),,NICE신용평가, ,한국신용평가,한국기업평가,,DBFUFB,HANA CAPITAL/1.595 Bd 20220414 Sr,,,291-2,-2
97,1980,하나캐피탈(주),KR60198019B4,B0198019B,할부금융채권 (116250),,상장,활성,2019-11-12,,하나캐피탈 293-1,HANA CAPITAL 293-1,회사채,,"20,000,000,000",2019-11-11,원화,2021-05-11,일반채권,무보증,,고정금리형-이표채,공모-간접발행,국내발행,NO,"
",확정,1.71,,100,100.0,,,선순위,만기상환,NO,,NO,,,직후영업일(경과이자없음),,,직후영업일(경과이자없음),후급,3.0,발행일,3.0,절사,일자기준,,2020-02-11,비매출,,,무기명,,,,,한국예탁결제원,(주)하나은행,한양증권(주),,NICE신용평가, ,한국신용평가,한국기업평가,,DBFUFB,HANA CAPITAL/1.71 Bd 20210511 Sr,,,293-1,-1
98,1980,하나캐피탈(주),KR60198019C2,B0198019C,할부금융채권 (116250),,상장,활성,2019-12-17,,하나캐피탈 295-1,HANA CAPITAL 295-1,회사채,,"30,000,000,000",2019-12-16,원화,2021-12-16,일반채권,무보증,,고정금리형-이표채,공모-간접발행,국내발행,NO,"
",확정,1.73,,100,100.0,,,선순위,만기상환,NO,,NO,,,직후영업일(경과이자없음),,,직후영업일(경과이자없음),후급,3.0,발행일,3.0,절사,일자기준,,2020-03-16,비매출,,,무기명,,,,,한국예탁결제원,(주)하나은행,엔에이치투자증권(주),,NICE신용평가, ,한국신용평가,한국기업평가,,DBFUFB,HANA CAPITAL/1.73 Bd 20211216 Sr,,,295-1,-1
49,983,한화솔루션(주),KR60098319A1,B0098319A,일반사채 (116100),,상장,활성,2019-10-24,,한화솔루션 260-1,HanwhaSolutions 260-1,회사채,,"110,000,000,000",2019-10-24,원화,2022-10-24,일반채권,무보증,,고정금리형-이표채,공모-간접발행,국내발행,NO,"
",확정,1.7890000000000001,,100,100.0,,,선순위,만기상환,NO,,NO,,,직후영업일(경과이자없음),,,직후영업일(경과이자없음),후급,3.0,발행일,3.0,절사,일자기준,,2020-01-24,비매출,,,무기명,,,,,한국예탁결제원,(주)우리은행,엔에이치투자증권(주),,NICE신용평가, ,,한국기업평가,,DBFUFB,HANWHA/1.789 Bd 20221024 Sr Ungtd,,,260-1,-1
50,983,한화솔루션(주),KR60098329A0,B0098329A,일반사채 (116100),,상장,활성,2019-10-24,,한화솔루션 260-2,HanwhaSolutions 260-2,회사채,,"80,000,000,000",2019-10-24,원화,2024-10-24,일반채권,무보증,,고정금리형-이표채,공모-간접발행,국내발행,NO,"
",확정,1.982,,100,100.0,,,선순위,만기상환,NO,,NO,,,직후영업일(경과이자없음),,,직후영업일(경과이자없음),후급,3.0,발행일,3.0,절사,일자기준,,2020-01-24,비매출,,,무기명,,,,,한국예탁결제원,(주)우리은행,엔에이치투자증권(주),,NICE신용평가, ,,한국기업평가,,DBFUFB,HANWHA/1.982 Bd 20241024 Sr Ungtd,,,260-2,-2
51,983,한화솔루션(주),KR60098339A9,B0098339A,일반사채 (116100),,상장,활성,2019-10-24,,한화솔루션 260-3,HanwhaSolutions 260-3,회사채,,"60,000,000,000",2019-10-24,원화,2026-10-24,일반채권,무보증,,고정금리형-이표채,공모-간접발행,국내발행,NO,"
",확정,2.282,,100,100.0,,,선순위,만기상환,NO,,NO,,,직후영업일(경과이자없음),,,직후영업일(경과이자없음),후급,3.0,발행일,3.0,절사,일자기준,,2020-01-24,비매출,,,무기명,,,,,한국예탁결제원,(주)우리은행,엔에이치투자증권(주),,NICE신용평가, ,,한국기업평가,,DBFUFB,HANWHA/2.282 Bd 20261024 Sr Ungtd,,,260-3,-3
58,1245,한화에어로스페이스(주),KR60124519A4,B0124519A,일반사채 (116100),,상장,활성,2019-10-02,,한화에어로스페이스 123-1,HANWHA AEROSPACE 123-1,회사채,,"70,000,000,000",2019-10-02,원화,2022-09-30,일반채권,무보증,,고정금리형-이표채,공모-간접발행,국내발행,NO,"
",확정,1.841,,100,100.0,,,선순위,만기상환,NO,,NO,,,직후영업일(경과이자없음),,,직후영업일(경과이자없음),후급,3.0,발행일,3.0,절사,일자기준,365일,2020-01-02,비매출,,,무기명,,,,,한국예탁결제원,(주)우리은행,한국투자증권(주),,NICE신용평가, ,,한국기업평가,,DBFUFB,HANWHA/1.841 Bd 20220930 Sr Ungtd,,,123-1,-1
59,1245,한화에어로스페이스(주),KR60124529A3,B0124529A,일반사채 (116100),,상장,활성,2019-10-02,,한화에어로스페이스 123-2,HANWHA AEROSPACE 123-2,회사채,,"80,000,000,000",2019-10-02,원화,2024-10-02,일반채권,무보증,,고정금리형-이표채,공모-간접발행,국내발행,NO,"
",확정,2.0980000000000003,,100,100.0,,,선순위,만기상환,NO,,NO,,,직후영업일(경과이자없음),,,직후영업일(경과이자없음),후급,3.0,발행일,3.0,절사,일자기준,365일,2020-01-02,비매출,,,무기명,,,,,한국예탁결제원,(주)우리은행,한국투자증권(주),,NICE신용평가, ,,한국기업평가,,DBFUFB,HANWHA/2.098 Bd 20241002 Sr Ungtd,,,123-2,-2
21,353,한화투자증권(주),KR60035319A7,B0035319A,일반사채 (116100),,상장,활성,2019-10-18,,한화투자증권 25-1,Hanwha Investment & Securities 25-1,회사채,,"220,000,000,000",2019-10-18,원화,2022-10-18,일반채권,무보증,,고정금리형-이표채,공모-간접발행,국내발행,NO,"
",확정,2.161,,100,100.0,청약일 1영업일 전 민평 4사 3년만기 A+ 등급민평 평균 +0.20%,,선순위,만기상환,NO,,NO,,,직후영업일(경과이자없음),,,직후영업일(경과이자없음),후급,3.0,상환일,3.0,절사,일자기준,,2020-01-18,비매출,,,무기명,,,,,한국예탁결제원,(주)우리은행,KB증권(주),,, ,한국신용평가,한국기업평가,,DBFUFB,H.I.S.C/2.161 Bd 20221018 Sr Ungtd,,,25-1,1
22,353,한화투자증권(주),KR60035329A6,B0035329A,일반사채 (116100),,상장,활성,2019-10-18,,한화투자증권 25-2,Hanwha Investment & Securities 25-2,회사채,,"30,000,000,000",2019-10-18,원화,2024-10-18,일반채권,무보증,,고정금리형-이표채,공모-간접발행,국내발행,NO,"
",확정,2.56,,100,100.0,청약일 1영업일 전 민평 4사 5년 만기 A+ 등급민평 평균 +0.20%,,선순위,만기상환,NO,,NO,,,직후영업일(경과이자없음),,,직후영업일(경과이자없음),후급,3.0,상환일,3.0,절사,일자기준,,2020-01-18,비매출,,,무기명,,,,,한국예탁결제원,(주)우리은행,KB증권(주),,, ,한국신용평가,한국기업평가,,DBFUFB,H.I.S.C/2.56 Bd 20241018 Sr Ungtd,,,25-2,2
65,1780,현대엘리베이터(주),KR60178019A0,B0178019A,일반사채 (116100),,상장,활성,2019-10-21,,현대엘리베이터 37,HYUNDAI ELEVATOR 37,회사채,,"100,000,000,000",2019-10-21,원화,2022-10-21,일반채권,무보증,,고정금리형-이표채,공모-간접발행,국내발행,NO,"
",확정,2.0,,100,100.0,,,선순위,만기상환,NO,,NO,,,직후영업일(경과이자없음),,,직후영업일(경과이자없음),후급,3.0,발행일,3.0,절사,일자기준,365일,2020-01-21,비매출,,,무기명,,,,,한국예탁결제원,(주)하나은행,한국투자증권(주),,NICE신용평가, ,,한국기업평가,,DBFUFB,HYUNDAI ELEV/2.0 Bd 20221021 Sr,,,37,
26,405,현대오일뱅크(주),KR60040519A5,B0040519A,일반사채 (116100),,상장,활성,2019-10-14,,현대오일뱅크 121-1,Hyundai Oilbank 121-1,회사채,,"160,000,000,000",2019-10-14,원화,2024-10-14,일반채권,무보증,,고정금리형-이표채,공모-간접발행,국내발행,NO,"
",확정,1.682,,100,100.0,,,선순위,만기상환,NO,,NO,,,직후영업일(경과이자없음),,,직후영업일(경과이자없음),후급,3.0,발행일,3.0,절사,일자기준,,2020-01-14,비매출,,,무기명,,,,,한국예탁결제원,(주)하나은행,엔에이치투자증권(주),,, ,한국신용평가,한국기업평가,,DBFUFB,Hyundai Oilbank/1.682 Bd 20241014,,,121-1,-1
27,405,현대오일뱅크(주),KR60040529A4,B0040529A,일반사채 (116100),,상장,활성,2019-10-14,,현대오일뱅크 121-2,Hyundai Oilbank 121-2,회사채,,"100,000,000,000",2019-10-14,원화,2026-10-14,일반채권,무보증,,고정금리형-이표채,공모-간접발행,국내발행,NO,"
",확정,1.882,,100,100.0,,,선순위,만기상환,NO,,NO,,,직후영업일(경과이자없음),,,직후영업일(경과이자없음),후급,3.0,발행일,3.0,절사,일자기준,,2020-01-14,비매출,,,무기명,,,,,한국예탁결제원,(주)하나은행,엔에이치투자증권(주),,, ,한국신용평가,한국기업평가,,DBFUFB,Hyundai Oilbank/1.882 Bd 20261014,,,121-2,-2
28,405,현대오일뱅크(주),KR60040539A3,B0040539A,일반사채 (116100),,상장,활성,2019-10-14,,현대오일뱅크 121-3,Hyundai Oilbank 121-3,회사채,,"140,000,000,000",2019-10-14,원화,2029-10-14,일반채권,무보증,,고정금리형-이표채,공모-간접발행,국내발행,NO,"
",확정,2.113,,100,100.0,,,선순위,만기상환,NO,,NO,,,직후영업일(경과이자없음),,,직후영업일(경과이자없음),후급,3.0,발행일,3.0,절사,일자기준,,2020-01-14,비매출,,,무기명,,,,,한국예탁결제원,(주)하나은행,엔에이치투자증권(주),,, ,한국신용평가,한국기업평가,,DBFUFB,Hyundai Oilbank/2.113 Bd 20291014,,,121-3,-3
57,1176,현대종합상사(주),KR60117619B9,B0117619B,일반사채 (116100),,상장,활성,2019-11-05,,현대종합상사 39,HYUNDAI CORPORATION 39,회사채,,"30,000,000,000",2019-11-05,원화,2022-11-04,일반채권,무보증,,고정금리형-이표채,공모-간접발행,국내발행,NO,"
",확정,2.672,,100,100.0,,,선순위,만기상환,NO,,NO,,,직후영업일(경과이자없음),,,직후영업일(경과이자없음),후급,3.0,발행일,3.0,절사,일자기준,365일,2020-02-05,비매출,,,무기명,,,,,한국예탁결제원,(주)하나은행,엔에이치투자증권(주),,NICE신용평가, ,,한국기업평가,,DBFUFB,HYUNDAI CORP/2.672 Bd 20221104 Sr,,,39,
