발행기관코드,발행기관명,표준코드,단축코드,채권분류,변경전 발행기관코드,상장여부,활성여부,상장일,상장폐지일,한글종목명,영문종목명,채권유형,지방채구분,발행금액,발행일,발행통화,상환일,특이채권유형,보증담보,보증률(%),이자지급방법,발행방법,발행구분,크라우드펀딩여부,표면이자율 확정여부,표면이자율(%),낙찰금리(%),발행가액(%),만기상환율(%),특이발행조건,옵션,선/후/중순위,상환방법,물가연동구분,참조지수(%),신종자본증권여부,조건부자본증권 유형,유동화,휴무관련(원금),이자지급기준,경과금리(%),휴무관련(이자),이자 선/후급,이자지급주기(개월),이자지급기준일구분,이자계산주기(개월),이자원단위 미만처리,이자월말구분,단수일이자기준,최초이자지급일,매출형태,선매출이자 지급방법,선/후매출일,기명구분,보장수익률(%),보장수익률적용일,추가수익률(%),추가수익률적용일,(전자)등록기관,원리금지급대행기관,대표주관회사,보증기관,신용평가기관1,신용등급,신용평가기관2,신용평가기관3,신용평가기관4,CFI,FISN,Call 주체,Call 사유,identifier1,identifier2,bookrunners,participation
1,(주)신한은행,KR6000011A67,B000011A6,일반은행채 (116210),,상장,활성,2020-06-25,,신한은행 24-06-이-1-A(변동),SHINHAN BANK 24-06-COUP1A,회사채,,"100,000,000,000",2020-06-23,원화,2021-06-23,일반채권,무보증,,변동금리형-이표채,공모-간접발행,국내발행,NO,확정,0.65,,100,100,CD1개월물 + 0.1%,,선순위,만기상환,NO,,NO,,,직후영업일(경과이자있음),,,직후영업일(경과이자없음),후급,1.0,발행일,1.0,절사,일자기준,,2020-07-23,비매출,,,무기명,,,,,한국예탁결제원,(주)신한은행,아이비케이투자증권(주),,NICE신용평가," ",한국신용평가,한국기업평가,,DBVNFB,SHINHAN  BK/Vari Bd 20210623 Sr,,,24-06-이-1-A,06-이-1-A,['아이비케이투자증권'],['100000000000']
1,(주)신한은행,KR6000011A75,B000011A7,일반은행채 (116210),,상장,활성,2020-07-16,,신한은행 24-07-할-1-A,SHINHAN BANK 24-07-DIS1A,회사채,,"300,000,000,000",2020-07-14,원화,2021-07-14,일반채권,무보증,,고정금리형-할인채,공모-간접발행,국내발행,NO,확정,0.8,,100,100,,,선순위,만기상환,NO,,NO,,,직후영업일(경과이자있음),,,직후영업일(경과이자없음),선급,,발행일,,절사,일자기준,,,비매출,,,무기명,,,,,한국예탁결제원,(주)신한은행,하나금융투자(주),,NICE신용평가," ",한국신용평가,한국기업평가,,DBZNFB,SHINHAN  BK/Disc Bd 20210714 Sr,,,24-07-할-1-A,07-할-1-A,['하나금융투자'],['297600000000']
1,(주)신한은행,KR6000011A83,B000011A8,일반은행채 (116210),,상장,활성,2020-08-04,,신한은행 24-08-이-2-A,SHINHAN BANK 24-08COUP2A,회사채,,"350,000,000,000",2020-08-03,원화,2022-08-03,일반채권,무보증,,고정금리형-이표채,공모-간접발행,국내발행,NO,확정,0.84,,100,100,,,선순위,만기상환,NO,,NO,,,직후영업일(경과이자있음),,,직후영업일(경과이자없음),후급,3.0,발행일,3.0,절사,일자기준,,2020-11-03,비매출,,,무기명,,,,,한국예탁결제원,(주)신한은행,교보증권(주),,NICE신용평가," ",한국신용평가,한국기업평가,,DBFNFB,SHINHAN  BK/0.84 Bd 20220803 Sr,,,24-08-이-2-A,08-이-2-A,['교보증권주식회사'],['350000000000']
1,(주)신한은행,KR6000011A91,B000011A9,일반은행채 (116210),,상장,활성,2020-09-11,,신한은행 24-09-복-20-A,SHINHAN BANK 24-09COMP20-A,회사채,,"70,000,000,000",2020-09-10,원화,2040-09-10,일반채권,무보증,,고정금리형-복리채,공모-간접발행,국내발행,NO,확정,1.9,,100,100,Y1~Y20 : [(1+1.9%) ^P-1],Call(콜),선순위,만기상환,NO,,NO,,,직후영업일(경과이자없음),,,직후영업일(경과이자없음),후급,240.0,발행일,12.0,절사,일자기준,,,비매출,,,무기명,,,,,한국예탁결제원,(주)신한은행,하나금융투자(주),,NICE신용평가," ",한국신용평가,한국기업평가,,DBFNGB,SHINHAN  BK/1.9 Bd 20400910 Sr,발행기관,2021년9월10일(해당일포함)이후매년9월10,24-09-복-20-A,09-복-20-A,['하나금융투자'],['140000000000']
1,(주)신한은행,KR6000012A66,B000012A6,일반은행채 (116210),,상장,활성,2020-06-25,,신한은행 24-06-할-8M-A,SHINHAN BANK 24-06-DIS8M-A,회사채,,"150,000,000,000",2020-06-24,원화,2021-02-24,일반채권,무보증,,고정금리형-할인채,공모-간접발행,국내발행,NO,확정,0.81,,100,100,,,선순위,만기상환,NO,,NO,,,직후영업일(경과이자있음),,,직후영업일(경과이자없음),후급,,발행일,,절사,일자기준,,,비매출,,,무기명,,,,,한국예탁결제원,(주)신한은행,하나금융투자(주),,NICE신용평가," ",한국신용평가,한국기업평가,,DBZNFB,SHINHAN  BK/Disc Bd 20210224 Sr,,,24-06-할-8M-A,06-할-8M-A,['하나금융투자'],['149190000000']
1,(주)신한은행,KR6000012A82,B000012A8,일반은행채 (116210),,상장,활성,2020-08-10,,신한은행 24-08-이-1.5-A,SHINHAN BANK 24-08COUP1.5A,회사채,,"100,000,000,000",2020-08-07,원화,2022-02-07,일반채권,무보증,,고정금리형-이표채,공모-간접발행,국내발행,NO,확정,0.79,,100,100,,,선순위,만기상환,NO,,NO,,,직후영업일(경과이자있음),,,직후영업일(경과이자없음),후급,3.0,발행일,3.0,절사,일자기준,,2020-11-07,비매출,,,무기명,,,,,한국예탁결제원,(주)신한은행,하나금융투자(주),,NICE신용평가," ",한국신용평가,한국기업평가,,DBFNFB,SHINHAN  BK/0.79 Bd 20220207 Sr,,,24-08-이-1.5-A,08-이-1.5-A,['하나금융투자'],['100000000000']
1,(주)신한은행,KR6000012A90,B000012A9,일반은행채 (116210),,상장,활성,2020-09-11,,신한은행 24-09-복-20-B,SHINHAN BANK 24-09COMP20-B,회사채,,"70,000,000,000",2020-09-10,원화,2040-09-10,일반채권,무보증,,고정금리형-복리채,공모-간접발행,국내발행,NO,확정,1.9,,100,100,Y1~Y20 : [(1+1.9%) ^P -1],Call(콜),선순위,만기상환,NO,,NO,,,직후영업일(경과이자없음),,,직후영업일(경과이자없음),후급,240.0,발행일,12.0,절사,일자기준,,,비매출,,,무기명,,,,,한국예탁결제원,(주)신한은행,하나금융투자(주),,NICE신용평가," ",한국신용평가,한국기업평가,,DBFNGB,SHINHAN  BK/1.9 Bd 20400910 Sr,발행기관,2021년9월10일(해당일포함)이후매년9월10,24-09-복-20-B,09-복-20-B,['하나금융투자'],['140000000000']
1,(주)신한은행,KR6000013A81,B000013A8,일반은행채 (116210),,상장,활성,2020-08-14,,신한은행 24-08-이-2.5-A,SHINHAN BANK 24-08-COUP2.5A,회사채,,"150,000,000,000",2020-08-13,원화,2023-02-13,일반채권,무보증,,고정금리형-이표채,공모-간접발행,국내발행,NO,확정,0.94,,100,100,,,선순위,만기상환,NO,,NO,,,직후영업일(경과이자있음),,,직후영업일(경과이자없음),후급,3.0,발행일,3.0,절사,일자기준,,2020-11-13,비매출,,,무기명,,,,,한국예탁결제원,(주)신한은행,삼성증권(주),,NICE신용평가," ",한국신용평가,한국기업평가,,DBFNFB,SHINHAN  BK/0.94 Bd 20230213 Sr,,,24-08-이-2.5-A,08-이-2.5-A,['삼성증권'],['150000000000']
3,(주)우리은행,KR6000031A55,B000031A5,일반은행채 (116210),,상장,활성,2020-05-13,,우리은행 2020-1 이중상환,WOORI BANK 2020-1 (Covered),회사채,,"200,000,000,000",2020-05-12,원화,2025-05-12,일반채권,커버드본드,,고정금리형-이표채,공모-간접발행,국내발행,NO,확정,1.44,,100,100,,,선순위,만기상환,NO,,NO,,,직후영업일(경과이자있음),,,직후영업일(경과이자없음),후급,3.0,발행일,3.0,절사,일자기준,,2020-08-12,비매출,,,무기명,,,,,한국예탁결제원,(주)우리은행,교보증권(주),,NICE신용평가," ",한국신용평가,,,DBFSFB,Woori Bank/1.44 Bd 20250512 Sr,,,2020-1,0-1,['하나금융투자'],['200000000000']
3,(주)우리은행,KR6000031A63,B000031A6,일반은행채 (116210),,상장,활성,2020-06-09,,우리은행 24-06-이표03-갑-08,WOORI BANK 24-06-COUP03-@-08,회사채,,"100,000,000,000",2020-06-08,원화,2023-06-08,일반채권,무보증,,고정금리형-이표채,공모-간접발행,국내발행,NO,확정,1.19,,100,100,,,선순위,만기상환,NO,,NO,,,직후영업일(경과이자있음),,,직후영업일(경과이자없음),후급,3.0,발행일,3.0,절사,일자기준,,2020-09-08,비매출,,,무기명,,,,,한국예탁결제원,(주)우리은행,하나금융투자(주),,NICE신용평가," ",한국신용평가,한국기업평가,,DBFNFB,Woori Bank/1.19 Bd 20230608 Sr,,,24-06-이표03-갑-08,06-이표03-갑-08,['하나금융투자'],['100000000000']
3,(주)우리은행,KR6000031A71,B000031A7,일반은행채 (116210),,상장,활성,2020-07-14,,우리은행 24-07-이표02갑13(지),WOORI BANK 24-07-COUP02@13(T),회사채,,"200,000,000,000",2020-07-13,원화,2022-07-13,일반채권,무보증,,고정금리형-이표채,공모-간접발행,국내발행,NO,확정,0.93,,100,100,,,선순위,만기상환,NO,,NO,,,직후영업일(경과이자있음),,,직후영업일(경과이자없음),후급,3.0,발행일,3.0,절사,일자기준,,2020-10-13,비매출,,,무기명,,,,,한국예탁결제원,(주)우리은행,삼성증권(주),,NICE신용평가," ",한국신용평가,한국기업평가,,DBFNFB,Woori Bank/0.93 Bd 20220713 Sr,,,24-07-이표02갑13,07-이표02갑13,['[]'],['[]']
3,(주)우리은행,KR6000031A89,B000031A8,일반은행채 (116210),,상장,활성,2020-08-07,,우리은행 24-08-이표03갑06(지),WOORI BANK 24-08-COUP03@06(T),회사채,,"300,000,000,000",2020-08-06,원화,2023-08-06,일반채권,무보증,,고정금리형-이표채,공모-간접발행,국내발행,NO,확정,1.01,,100,100,,,선순위,만기상환,NO,,NO,,,직후영업일(경과이자있음),,,직후영업일(경과이자없음),후급,3.0,발행일,3.0,절사,일자기준,,2020-11-06,비매출,,,무기명,,,,,한국예탁결제원,(주)우리은행,하나금융투자(주),,NICE신용평가," ",한국신용평가,한국기업평가,,DBFNFB,Woori Bank/1.01 Bd 20230806 Sr,,,24-08-이표03갑06,08-이표03갑06,['[]'],['[]']
3,(주)우리은행,KR6000031A97,B000031A9,일반은행채 (116210),,상장,활성,2020-09-15,,우리은행 24-09-이표01-갑-14,WOORI BANK 24-09-COUP01-@-14,회사채,,"200,000,000,000",2020-09-14,원화,2021-09-14,일반채권,무보증,,고정금리형-이표채,공모-간접발행,국내발행,NO,확정,0.91,,100,100,,,선순위,만기상환,NO,,NO,,,직후영업일(경과이자있음),,,직후영업일(경과이자없음),후급,3.0,발행일,3.0,절사,일자기준,,2020-12-14,비매출,,,무기명,,,,,한국예탁결제원,(주)우리은행,한양증권(주),,NICE신용평가," ",한국신용평가,한국기업평가,,DBFNFB,Woori Bank/0.91 Bd 20210914 Sr,,,24-09-이표01-갑-14,09-이표01-갑-14,['한양증권'],['200000000000']
3,(주)우리은행,KR6000032A54,B000032A5,일반은행채 (116210),,상장,활성,2020-05-14,,우리은행 24-05-이표03-갑-13,WOORI BANK 24-05-COUP03-@-13,회사채,,"200,000,000,000",2020-05-13,원화,2023-05-13,일반채권,무보증,,고정금리형-이표채,공모-간접발행,국내발행,NO,확정,1.22,,100,100,,,선순위,만기상환,NO,,NO,,,직후영업일(경과이자있음),,,직후영업일(경과이자없음),후급,3.0,발행일,3.0,절사,일자기준,,2020-08-13,비매출,,,무기명,,,,,한국예탁결제원,(주)우리은행,하나금융투자(주),,NICE신용평가," ",한국신용평가,한국기업평가,,DBFNFB,Woori Bank/1.22 Bd 20230513 Sr,,,24-05-이표03-갑-13,05-이표03-갑-13,['하나금융투자'],['200000000000']
3,(주)우리은행,KR6000032A62,B000032A6,일반은행채 (116210),,상장,활성,2020-06-19,,우리은행조건부자본증권(상) 24-06-이(후)10-갑-18,WOORI BANK CoCoBond(PWD) 24-06-COUP(D)10@-18,회사채,,"300,000,000,000",2020-06-18,원화,2030-06-18,일반채권,무보증,,고정금리형-이표채,공모-간접발행,국내발행,NO,확정,2.2,,100,100,중도상환 금지,,후순위,만기상환,NO,,NO,상각형,,직후영업일(경과이자있음),,,직후영업일(경과이자없음),후급,3.0,발행일,3.0,절사,일자기준,,2020-09-18,비매출,,,무기명,,,,,한국예탁결제원,(주)우리은행,키움증권(주),,NICE신용평가," ",한국신용평가,한국기업평가,,DBFQFB,Woori Bank/2.2 Bd 20300618 Jr Ungtd,,,24-06-이10-갑-18,06-이10-갑-18,['[]'],['[]']
3,(주)우리은행,KR6000032A70,B000032A7,일반은행채 (116210),,상장,활성,2020-08-03,,우리은행 24-07-이표03-갑-31,WOORI BANK 24-07-COUP03-@-31,회사채,,"250,000,000,000",2020-07-31,원화,2023-07-31,일반채권,무보증,,고정금리형-이표채,공모-간접발행,국내발행,NO,확정,1.02,,100,100,,,선순위,만기상환,NO,,NO,,,직후영업일(경과이자있음),,,직후영업일(경과이자없음),후급,3.0,발행일,3.0,절사,일자기준,,2020-10-31,비매출,,,무기명,,,,,한국예탁결제원,(주)우리은행,교보증권(주),,NICE신용평가," ",한국신용평가,한국기업평가,,DBFNFB,Woori Bank/1.02 Bd 20230731 Sr,,,24-07-이표03-갑-31,07-이표03-갑-31,['교보증권'],['250000000000']
3,(주)우리은행,KR6000032A88,B000032A8,일반은행채 (116210),,상장,활성,2020-08-21,,우리은행 2020-2 이중상환,WOORI BANK 2020-2 (Covered),회사채,,"300,000,000,000",2020-08-20,원화,2025-08-20,일반채권,커버드본드,,고정금리형-이표채,공모-간접발행,국내발행,NO,확정,1.32,,100,100,,,선순위,만기상환,NO,,NO,,,직후영업일(경과이자있음),,,직후영업일(경과이자없음),후급,3.0,발행일,3.0,절사,일자기준,,2020-11-20,비매출,,,무기명,,,,,한국예탁결제원,(주)우리은행,교보증권(주),,NICE신용평가," ",한국신용평가,,,DBFSFB,Woori Bank/1.32 Bd 20250820 Sr,,,2020-2,0-2,['[]'],['[]']
3,(주)우리은행,KR6000034A37,B000034A3,일반은행채 (116210),,상장,활성,2020-03-30,,우리은행 24-03-이표(지)02갑27,WOORI BANK 24-03-COUP(SB)02@27,회사채,,"250,000,000,000",2020-03-27,원화,2022-03-27,일반채권,무보증,,고정금리형-이표채,공모-간접발행,국내발행,NO,확정,1.4,,100,100,,,선순위,만기상환,NO,,NO,,,직후영업일(경과이자있음),,,직후영업일(경과이자없음),후급,3.0,발행일,3.0,절사,일자기준,,2020-06-27,비매출,,,무기명,,,,,한국예탁결제원,(주)우리은행,교보증권(주),,NICE신용평가," ",한국신용평가,한국기업평가,,DBFNFB,Woori Bank/1.40 Bd 20220327 Sr,,,24-03-이표02갑27,03-이표02갑27,['[]'],['[]']
3,(주)우리은행,KR6000035A36,B000035A3,일반은행채 (116210),,상장,활성,2020-03-31,,우리은행 24-03-이표01-갑-30,WOORI BANK 24-03-COUP01-@-30,회사채,,"300,000,000,000",2020-03-30,원화,2021-03-30,일반채권,무보증,,고정금리형-이표채,공모-간접발행,국내발행,NO,확정,1.29,,100,100,,,선순위,만기상환,NO,,NO,,,직후영업일(경과이자있음),,,직후영업일(경과이자없음),후급,3.0,발행일,3.0,절사,일자기준,,2020-06-30,비매출,,,무기명,,,,,한국예탁결제원,(주)우리은행,하나금융투자(주),,NICE신용평가," ",한국신용평가,한국기업평가,,DBFNFB,Woori Bank/1.29 Bd 20210330 Sr,,,24-03-이표01-갑-30,03-이표01-갑-30,['하나금융투자'],['300000000000']
3,(주)우리은행,KR6000036A35,B000036A3,일반은행채 (116210),,상장,활성,2020-03-31,,우리은행 24-03-이표1.5-갑-30,WOORI BANK 24-03-COUP1.5-@-30,회사채,,"300,000,000,000",2020-03-30,원화,2021-09-30,일반채권,무보증,,고정금리형-이표채,공모-간접발행,국내발행,NO,확정,1.3,,100,100,,,선순위,만기상환,NO,,NO,,,직후영업일(경과이자있음),,,직후영업일(경과이자없음),후급,3.0,발행일,3.0,절사,일자기준,,2020-06-30,비매출,,,무기명,,,,,한국예탁결제원,(주)우리은행,하나금융투자(주),,NICE신용평가," ",한국신용평가,한국기업평가,,DBFNFB,Woori Bank/1.30 Bd 20210930 Sr,,,24-03-이표1.5-갑-30,03-이표1.5-갑-30,['하나금융투자'],['300000000000']
8,하이트진로(주),KR6000081A62,B000081A6,일반사채 (116100),,상장,활성,2020-06-09,,하이트진로 128-1,HITEJINRO 128-1,회사채,,"100,000,000,000",2020-06-09,원화,2023-06-09,일반채권,무보증,,고정금리형-이표채,공모-간접발행,국내발행,NO,확정,2.633,,100,100,,,선순위,만기상환,NO,,NO,,,직후영업일(경과이자없음),,,직후영업일(경과이자없음),후급,3.0,발행일,3.0,절사,일자기준,365일,2020-09-09,비매출,,,무기명,,,,,한국예탁결제원,(주)하나은행,엔에이치투자증권(주),,NICE신용평가," ",,한국기업평가,,DBFNFB,HITE JINRO/ Bd 20230609 Sr Ungtd,,,128-1,-1,"['NH투자증권', 'SK증권', '신한금융투자', '신영증권', '미래에셋대우']","['10000000000', '40000000000', '17000000000', '17000000000', '16000000000']"
8,하이트진로(주),KR6000082A61,B000082A6,일반사채 (116100),,상장,활성,2020-06-09,,하이트진로 128-2,HITEJINRO 128-2,회사채,,"48,000,000,000",2020-06-09,원화,2025-06-09,일반채권,무보증,,고정금리형-이표채,공모-간접발행,국내발행,NO,확정,2.858,,100,100,,,선순위,만기상환,NO,,NO,,,직후영업일(경과이자없음),,,직후영업일(경과이자없음),후급,3.0,발행일,3.0,절사,일자기준,365일,2020-09-09,비매출,,,무기명,,,,,한국예탁결제원,(주)하나은행,엔에이치투자증권(주),,NICE신용평가," ",,한국기업평가,,DBFNFB,HITE JINRO/ Bd 20250609 Sr Ungtd,,,128-2,-2,"['NH투자증권', 'KB증권']","['30000000000', '18000000000']"
12,씨제이대한통운(주),KR6000121A49,B000121A4,일반사채 (116100),,상장,활성,2020-04-27,,CJ대한통운 96,CJ Korea Express 96,회사채,,"200,000,000,000",2020-04-27,원화,2023-04-27,일반채권,무보증,,고정금리형-이표채,공모-간접발행,국내발행,NO,확정,1.829,,100,100,,,선순위,만기상환,NO,,NO,,,직후영업일(경과이자없음),,,직후영업일(경과이자없음),후급,3.0,발행일,3.0,절사,일자기준,365일,2020-07-27,비매출,,,무기명,,,,,한국예탁결제원,(주)하나은행,엔에이치투자증권(주),,NICE신용평가," ",한국신용평가,한국기업평가,,DBFNFB,CJ Logistics/ Bd 20230427 Sr Ungtd,,,96,,"['NH투자증권㈜', 'KB증권㈜', '신영증권㈜', '키움증권㈜', '한국투자증권㈜', '한화투자증권㈜', '삼성증권㈜', '대신증권㈜']","['40000000000', '40000000000', '40000000000', '40000000000', '10000000000', '10000000000', '10000000000', '10000000000']"
15,(주)두산,KR6000151A91,B000151A9,일반사채 (116100),,상장,활성,2020-09-18,,두산 302,DOOSAN 302,회사채,,"50,000,000,000",2020-09-18,원화,2022-09-16,일반채권,무보증,,고정금리형-이표채,공모-간접발행,국내발행,NO,확정,5.4,,100,100,마지막 이자만 365일 일할계산,,선순위,만기상환,NO,,NO,,,직후영업일(경과이자없음),,,직후영업일(경과이자없음),후급,3.0,발행일,3.0,절사,일자기준,365일,2020-12-18,비매출,,,무기명,,,,,한국예탁결제원,(주)우리은행,KB증권(주),,NICE신용평가," ",,한국기업평가,,DBFNFB,DOOSAN/5.4 Bd 20220916 Sr Ungtd,,,302,,"['KB증권㈜', '한국산업은행', '유진투자증권㈜']","['10000000000', '35000000000', '5000000000']"
21,대림산업(주),KR6000211A57,B000211A5,일반사채 (116100),,상장,활성,2020-05-28,,대림산업 264-1,DAELIM INDUSTRIAL 264-1,회사채,,"120,000,000,000",2020-05-28,원화,2023-05-26,일반채권,무보증,,고정금리형-이표채,공모-간접발행,국내발행,NO,확정,1.7280000000000002,,100,100,마지막 이자만 365일 일할계산,,선순위,만기상환,NO,,NO,,,직후영업일(경과이자없음),,,직후영업일(경과이자없음),후급,3.0,발행일,3.0,절사,일자기준,365일,2020-08-28,비매출,,,무기명,,,,,한국예탁결제원,(주)우리은행,KB증권(주),,," ",한국신용평가,한국기업평가,,DBFNFB,DAELIM IND/ Bd 20230526 Sr Ungtd,,,264-1,-1,"['NH투자증권', 'KB증권']","['20000000000', '100000000000']"
21,대림산업(주),KR6000212A56,B000212A5,일반사채 (116100),,상장,활성,2020-05-28,,대림산업 264-2,DAELIM INDUSTRIAL 264-2,회사채,,"80,000,000,000",2020-05-28,원화,2025-05-28,일반채권,무보증,,고정금리형-이표채,공모-간접발행,국내발행,NO,확정,1.9480000000000002,,100,100,,,선순위,만기상환,NO,,NO,,,직후영업일(경과이자없음),,,직후영업일(경과이자없음),후급,3.0,발행일,3.0,절사,일자기준,,2020-08-28,비매출,,,무기명,,,,,한국예탁결제원,(주)우리은행,KB증권(주),,," ",한국신용평가,한국기업평가,,DBFNFB,DAELIM IND/ Bd 20250528 Sr Ungtd,,,264-2,-2,['NH투자증권'],['8000000000']
27,기아자동차(주),KR6000271A47,B000271A4,일반사채 (116100),,상장,활성,2020-04-22,,기아자동차 283-1,KIA MOTORS CORPORATION 283-1,회사채,,"480,000,000,000",2020-04-22,원화,2023-04-21,일반채권,무보증,,고정금리형-이표채,공모-간접발행,국내발행,NO,확정,2.017,,100,100,마지막 이자만 365일 일할계산,,선순위,만기상환,NO,,NO,,,직후영업일(경과이자없음),,,직후영업일(경과이자없음),후급,3.0,상환일,3.0,절사,일자기준,365일,2020-07-22,비매출,,,무기명,,,,,한국예탁결제원,(주)하나은행,KB증권(주),,NICE신용평가," ",,한국기업평가,,DBFUFB,KIA MTR/ Bd 20230421 Sr Ungtd,,,283-1,-1,"['케이비증권', 'NH투자증권', '한국투자증권', '현대차증권', '미래에셋대우', '신한금융투자', '하나금융투자', '하이투자증권', '한국산업은행']","['90000000000', '80000000000', '80000000000', '70000000000', '15000000000', '15000000000', '15000000000', '15000000000', '100000000000']"
27,기아자동차(주),KR6000272A46,B000272A4,일반사채 (116100),,상장,활성,2020-04-22,,기아자동차 283-2,KIA MOTORS CORPORATION 283-2,회사채,,"50,000,000,000",2020-04-22,원화,2025-04-22,일반채권,무보증,,고정금리형-이표채,공모-간접발행,국내발행,NO,확정,2.134,,100,100,,,선순위,만기상환,NO,,NO,,,직후영업일(경과이자없음),,,직후영업일(경과이자없음),후급,3.0,상환일,3.0,절사,일자기준,,2020-07-22,비매출,,,무기명,,,,,한국예탁결제원,(주)하나은행,KB증권(주),,NICE신용평가," ",,한국기업평가,,DBFUFB,KIA MTR/ Bd 20250422 Sr Ungtd,,,283-2,-2,"['NH투자증권', '한국투자증권', '현대차증권', '미래에셋대우']","['20000000000', '20000000000', '5000000000', '5000000000']"
27,기아자동차(주),KR6000273A45,B000273A4,일반사채 (116100),,상장,활성,2020-04-22,,기아자동차 283-3,KIA MOTORS CORPORATION 283-3,회사채,,"70,000,000,000",2020-04-22,원화,2027-04-22,일반채권,무보증,,고정금리형-이표채,공모-간접발행,국내발행,NO,확정,2.1919999999999997,,100,100,,,선순위,만기상환,NO,,NO,,,직후영업일(경과이자없음),,,직후영업일(경과이자없음),후급,3.0,상환일,3.0,절사,일자기준,,2020-07-22,비매출,,,무기명,,,,,한국예탁결제원,(주)하나은행,KB증권(주),,NICE신용평가," ",,한국기업평가,,DBFUFB,KIA MTR/ Bd 20270422 Sr Ungtd,,,283-3,-3,"['케이비증권', 'NH투자증권', '한국투자증권', '현대차증권', '신한금융투자', '하나금융투자', '하이투자증권']","['20000000000', '10000000000', '10000000000', '15000000000', '5000000000', '5000000000', '5000000000']"
40,롯데손해보험(주),KR6000401A57,B000401A5,일반사채 (116100),,상장,활성,2020-05-07,,롯데손해보험 8(후),Lotte Non-Life Insurance 8(D),회사채,,"90,000,000,000",2020-05-07,원화,2030-05-07,일반채권,무보증,,변동금리형-이표채,공모-간접발행,국내발행,NO,확정,5.0,,100,100,발행일로부터 5년째 되는날 이자율 조정,Call(콜),후순위,만기상환,NO,,NO,,,직후영업일(경과이자없음),,,직후영업일(경과이자없음),후급,3.0,발행일,3.0,절사,일자기준,,2020-08-07,비매출,,,무기명,,,,,한국예탁결제원,(주)신한은행,메리츠증권(주),,," ",한국신용평가,한국기업평가,,DBVQGB,Lotte Insurance/Vari Bd 20300507 Jr,발행기관,금감원 승인 후 발행기관 요청 시,8,,['메리츠증권'],['90000000000']
54,흥국화재해상보험(주),KR6000541A74,B000541A7,일반사채 (116100),,상장,활성,2020-07-31,,흥국화재해상보험 19,Heungkuk Fire&Marine Insurance 19,회사채,,"40,000,000,000",2020-07-30,원화,2030-07-30,일반채권,무보증,,변동금리형-이표채,공모-간접발행,국내발행,NO,확정,4.8,,100,100,발행일로부터 5년째 되는날 이자율 조정,Call(콜),후순위,만기상환,NO,,NO,,,직후영업일(경과이자없음),,,직후영업일(경과이자없음),후급,3.0,발행일,3.0,절사,일자기준,,2020-10-30,비매출,,,무기명,,,,,한국예탁결제원,(주)신한은행,메리츠증권(주),,NICE신용평가," ",한국신용평가,,,DBVQGB,Heungkuk F&M/Vari Bd 20300730 Jr,발행기관,금감원 승인 후 발행기관 요청 시,19,,['메리츠증권'],['40000000000']
64,동아쏘시오홀딩스(주),KR6000641A57,B000641A5,일반사채 (116100),,상장,활성,2020-05-08,,동아쏘시오홀딩스 104,Dong-A Socio Holdings 104,회사채,,"52,000,000,000",2020-05-08,원화,2023-05-08,일반채권,무보증,,고정금리형-이표채,공모-간접발행,국내발행,NO,확정,2.556,,100,100,,,선순위,만기상환,NO,,NO,,,직후영업일(경과이자없음),,,직후영업일(경과이자없음),후급,3.0,발행일,3.0,절사,일자기준,,2020-08-08,비매출,,,무기명,,,,,한국예탁결제원,(주)신한은행,엔에이치투자증권(주),,," ",한국신용평가,한국기업평가,,DBFNFB,Donga Socio/ Bd 20230508 Sr Ungtd,,,104,,"['NH투자증권', '미래에셋대우']","['26000000000', '26000000000']"
72,현대건설(주),KR6000721A92,B000721A9,일반사채 (116100),,상장,활성,2020-09-02,,현대건설 304-1,HYUNDAI ENGINEERING & CONSTRUCTION 304-1,회사채,,"200,000,000,000",2020-09-02,원화,2023-09-02,일반채권,무보증,,고정금리형-이표채,공모-간접발행,국내발행,NO,확정,1.518,,100,100,,,선순위,만기상환,NO,,NO,,,직후영업일(경과이자없음),,,직후영업일(경과이자없음),후급,3.0,발행일,3.0,절사,일자기준,,2020-12-02,비매출,,,무기명,,,,,한국예탁결제원,(주)하나은행,엔에이치투자증권(주),,NICE신용평가," ",한국신용평가,,,DBFNFB,HYUNDAI ENG &/ Bd 20230902 Sr Ungtd,,,304-1,-1,"['NH투자증권', 'KB증권', '한국투자증권', '현대차증권', '신한금융투자']","['50000000000', '50000000000', '45000000000', '45000000000', '10000000000']"
72,현대건설(주),KR6000722A91,B000722A9,일반사채 (116100),,상장,활성,2020-09-02,,현대건설 304-2,HYUNDAI ENGINEERING & CONSTRUCTION 304-2,회사채,,"130,000,000,000",2020-09-02,원화,2025-09-02,일반채권,무보증,,고정금리형-이표채,공모-간접발행,국내발행,NO,확정,1.817,,100,100,,,선순위,만기상환,NO,,NO,,,직후영업일(경과이자없음),,,직후영업일(경과이자없음),후급,3.0,발행일,3.0,절사,일자기준,,2020-12-02,비매출,,,무기명,,,,,한국예탁결제원,(주)하나은행,엔에이치투자증권(주),,NICE신용평가," ",한국신용평가,,,DBFNFB,HYUNDAI ENG &/ Bd 20250902 Sr Ungtd,,,304-2,-2,"['NH투자증권', 'KB증권', '한국투자증권', '현대차증권']","['30000000000', '30000000000', '40000000000', '30000000000']"
72,현대건설(주),KR6000723A90,B000723A9,일반사채 (116100),,상장,활성,2020-09-02,,현대건설 304-3,HYUNDAI ENGINEERING & CONSTRUCTION 304-3,회사채,,"80,000,000,000",2020-09-02,원화,2030-09-02,일반채권,무보증,,고정금리형-이표채,공모-간접발행,국내발행,NO,확정,2.6010000000000004,,100,100,,,선순위,만기상환,NO,,NO,,,직후영업일(경과이자없음),,,직후영업일(경과이자없음),후급,3.0,발행일,3.0,절사,일자기준,,2020-12-02,비매출,,,무기명,,,,,한국예탁결제원,(주)하나은행,엔에이치투자증권(주),,NICE신용평가," ",한국신용평가,,,DBFNFB,HYUNDAI ENG &/ Bd 20300902 Sr Ungtd,,,304-3,-3,"['NH투자증권', 'KB증권', '한국투자증권', '현대차증권']","['25000000000', '25000000000', '20000000000', '10000000000']"
88,(주)한화,KR6000881A64,B000881A6,일반사채 (116100),,상장,활성,2020-06-11,,한화 228,HANWHA 228,회사채,,"97,000,000,000",2020-06-11,원화,2023-06-09,일반채권,무보증,,고정금리형-이표채,공모-간접발행,국내발행,NO,확정,2.388,,100,100,,,선순위,만기상환,NO,,NO,,,직후영업일(경과이자없음),,,직후영업일(경과이자없음),후급,3.0,발행일,3.0,절사,일자기준,,2020-09-11,비매출,,,무기명,,,,,한국예탁결제원,(주)우리은행,엔에이치투자증권(주),,NICE신용평가," ",,한국기업평가,,DBFNFB,HANWHA/ Bd 20230609 Sr Ungtd,,,228,,"['한국투자증권', 'NH투자증권', '한화투자증권', '키움증권', '신영증권']","['29000000000', '29000000000', '13000000000', '13000000000', '13000000000']"
112,(주)LG상사,KR6001122A53,B001122A5,일반사채 (116100),,상장,활성,2020-05-27,,LG상사 120-1,LG INTERNATIONAL 120-1,회사채,,"90,000,000,000",2020-05-27,원화,2023-05-27,일반채권,무보증,,고정금리형-이표채,공모-간접발행,국내발행,NO,확정,1.8030000000000002,,100,100,,,선순위,만기상환,NO,,NO,,,직후영업일(경과이자없음),,,직후영업일(경과이자없음),후급,3.0,발행일,3.0,절사,일자기준,,2020-08-27,비매출,,,무기명,,,,,한국예탁결제원,(주)우리은행,엔에이치투자증권(주),,NICE신용평가," ",한국신용평가,한국기업평가,,DBFNFB,LG INT/ Bd 20230527 Sr Ungtd,,,120-1,-1,"['NH투자증권㈜', '한국투자증권㈜', 'KB증권㈜']","['30000000000', '30000000000', '30000000000']"
112,(주)LG상사,KR6001123A52,B001123A5,일반사채 (116100),,상장,활성,2020-05-27,,LG상사 120-2,LG INTERNATIONAL 120-2,회사채,,"50,000,000,000",2020-05-27,원화,2025-05-27,일반채권,무보증,,고정금리형-이표채,공모-간접발행,국내발행,NO,확정,2.0709999999999997,,100,100,,,선순위,만기상환,NO,,NO,,,직후영업일(경과이자없음),,,직후영업일(경과이자없음),후급,3.0,발행일,3.0,절사,일자기준,,2020-08-27,비매출,,,무기명,,,,,한국예탁결제원,(주)우리은행,엔에이치투자증권(주),,NICE신용평가," ",한국신용평가,한국기업평가,,DBFNFB,LG INT/ Bd 20250527 Sr Ungtd,,,120-2,-2,"['NH투자증권㈜', '한국투자증권㈜', 'KB증권㈜']","['20000000000', '10000000000', '20000000000']"
179,대한제당(주),KR6001791A53,B001791A5,일반사채 (116100),,상장,활성,2020-05-11,,대한제당 123-1,TS CORPORATION 123-1,회사채,,"25,000,000,000",2020-05-11,원화,2023-05-11,일반채권,무보증,,고정금리형-이표채,공모-간접발행,국내발행,NO,확정,2.635,,100,100,,,선순위,만기상환,NO,,NO,,,직후영업일(경과이자없음),,,직후영업일(경과이자없음),후급,3.0,발행일,3.0,절사,일자기준,,2020-08-11,비매출,,,무기명,,,,,한국예탁결제원,(주)하나은행,신한금융투자(주),,," ",한국신용평가,한국기업평가,,DBFUFB,TS/2.2 Bd 20230511 Sr Ungtd,,,123-1,-1,"['신한금융투자', '아이비케이투자증권', 'SK증권']","['10000000000', '5000000000', '10000000000']"
179,대한제당(주),KR6001792A52,B001792A5,일반사채 (116100),,상장,활성,2020-05-11,,대한제당 123-2,TS CORPORATION 123-2,회사채,,"15,000,000,000",2020-05-11,원화,2025-05-09,일반채권,무보증,,고정금리형-이표채,공모-간접발행,국내발행,NO,확정,3.342,,100,100,,,선순위,만기상환,NO,,NO,,,직후영업일(경과이자없음),,,직후영업일(경과이자없음),후급,3.0,발행일,3.0,절사,일자기준,365일,2020-08-11,비매출,,,무기명,,,,,한국예탁결제원,(주)하나은행,신한금융투자(주),,," ",한국신용평가,한국기업평가,,DBFUFB,TS/2.2 Bd 20250509 Sr Ungtd,,,123-2,-2,"['신한금융투자', '아이비케이투자증권']","['10000000000', '5000000000']"
227,롯데푸드(주),KR6002271A43,B002271A4,일반사채 (116100),,상장,활성,2020-04-13,,롯데푸드 36,LotteFood 36,회사채,,"100,000,000,000",2020-04-13,원화,2023-04-13,일반채권,무보증,,고정금리형-이표채,공모-간접발행,국내발행,NO,확정,1.976,,100,100,,,선순위,만기상환,NO,,NO,,,직후영업일(경과이자없음),,,직후영업일(경과이자없음),후급,3.0,발행일,3.0,절사,일자기준,,2020-07-13,비매출,,,무기명,,,,,한국예탁결제원,(주)신한은행,엔에이치투자증권(주),,NICE신용평가," ",한국신용평가,,,DBFNFB,LOTTE FOOD/ Bd 20230413 Sr Ungtd,,,36,,"['신한금융투자', '삼성증권', 'NH투자증권', '대신증권', '미래에셋대우', '신영증권', '키움증권', '한국투자증권', '하이투자증권']","['25000000000', '25000000000', '25000000000', '4000000000', '4000000000', '4000000000', '4000000000', '5000000000', '4000000000']"
232,(주)한진,KR6002322A75,B002322A7,일반사채 (116100),,상장,활성,2020-07-31,,한진 92,HANJIN TRANSPORTATION 92,회사채,,"30,000,000,000",2020-07-31,원화,2023-07-31,일반채권,무보증,,고정금리형-이표채,공모-간접발행,국내발행,NO,확정,4.052,,100,100,D-1 4사 3년 개별민평 +0.55%p.,,선순위,만기상환,NO,,NO,,,직후영업일(경과이자없음),,,직후영업일(경과이자없음),후급,3.0,발행일,3.0,절사,일자기준,,2020-10-31,비매출,,,무기명,,,,,한국예탁결제원,(주)우리은행,KB증권(주),,," ",한국신용평가,한국기업평가,,DBFNFB,HANJIN TRNSPT/ Bd 20230731 Sr Ungtd,,,92,,['[]'],['[]']
238,(주)케이씨씨,KR6002381A65,B002381A6,일반사채 (116100),,상장,활성,2020-06-02,,케이씨씨 68,KCC 68,회사채,,"150,000,000,000",2020-06-02,원화,2023-06-02,일반채권,무보증,,고정금리형-이표채,공모-간접발행,국내발행,NO,확정,2.242,,100,100,청약일(2020.06.02) 1영업일 전 3년개별민평 +0.60%,,선순위,만기상환,NO,,NO,,,직후영업일(경과이자없음),,,직후영업일(경과이자없음),후급,3.0,발행일,3.0,절사,일자기준,,2020-09-02,비매출,,,무기명,,,,,한국예탁결제원,(주)하나은행,한국투자증권(주),,NICE신용평가," ",,한국기업평가,,DBFUFB,KCC/ Bd 20230602 Sr Ungtd,,,68,,"['미래에셋대우', '한국투자증권', '신한금융투자', '하나금융투자', '하이투자증권']","['45000000000', '45000000000', '20000000000', '20000000000', '20000000000']"
330,한일홀딩스(주),KR6003301A52,B003301A5,일반사채 (116100),,상장,활성,2020-05-13,,한일홀딩스 68,HANIL HOLDINGS 68,회사채,,"150,000,000,000",2020-05-13,원화,2023-05-13,일반채권,무보증,,고정금리형-이표채,공모-간접발행,국내발행,NO,확정,2.469,,100,100,,,선순위,만기상환,NO,,NO,,,직후영업일(경과이자없음),,,직후영업일(경과이자없음),후급,3.0,발행일,3.0,절사,일자기준,,2020-08-13,비매출,,,무기명,,,,,한국예탁결제원,(주)신한은행,신한금융투자(주),,NICE신용평가," ",한국신용평가,,,DBFUFB,HANIL HOLDINGS/ Bd 20230513 Sr,,,68,,"['NH투자증권', '한국산업은행', '신한금융투자']","['50000000000', '50000000000', '50000000000']"
334,에스케이건설(주),KR6003341A62,B003341A6,일반사채 (116100),,상장,활성,2020-06-23,,SK건설 162-1,SK CONSTRUCTION 162-1,회사채,,"50,000,000,000",2020-06-23,원화,2022-06-23,일반채권,무보증,,고정금리형-이표채,공모-간접발행,국내발행,NO,확정,3.19,,100,100,,,선순위,만기상환,NO,,NO,,,직후영업일(경과이자없음),,,직후영업일(경과이자없음),후급,3.0,발행일,3.0,절사,일자기준,,2020-09-23,비매출,,,무기명,,,,,한국예탁결제원,(주)하나은행,키움증권(주),,NICE신용평가," ",한국신용평가,한국기업평가,,DBFUFB,SK E&C/3.19 Bd 20220623 Sr Ungtd,,,162-1,-1,"['키움증권', '케이비증권', '한국산업은행', '신한금융투자']","['10000000000', '5000000000', '15000000000', '20000000000']"
334,에스케이건설(주),KR6003342A61,B003342A6,일반사채 (116100),,상장,활성,2020-06-23,,SK건설 162-2,SK CONSTRUCTION 162-2,회사채,,"100,000,000,000",2020-06-23,원화,2023-06-23,일반채권,무보증,,고정금리형-이표채,공모-간접발행,국내발행,NO,확정,3.8,,100,100,,,선순위,만기상환,NO,,NO,,,직후영업일(경과이자없음),,,직후영업일(경과이자없음),후급,3.0,발행일,3.0,절사,일자기준,,2020-09-23,비매출,,,무기명,,,,,한국예탁결제원,(주)하나은행,키움증권(주),,NICE신용평가," ",한국신용평가,한국기업평가,,DBFUFB,SK E&C/3.80 Bd 20230623 Sr Ungtd,,,162-2,-2,"['키움증권', '케이비증권', '한국산업은행', 'SK증권', '한양증권']","['20000000000', '20000000000', '30000000000', '15000000000', '15000000000']"
341,쌍용양회공업(주),KR6003411A91,B003411A9,일반사채 (116100),,상장,활성,2020-09-25,,쌍용양회공업 315,SSANGYONG CEMENT INDUSTRY 315,회사채,,"150,000,000,000",2020-09-25,원화,2023-09-25,일반채권,무보증,,고정금리형-이표채,공모-간접발행,국내발행,NO,확정,2.319,,100,100,,,선순위,만기상환,NO,,NO,,,직후영업일(경과이자없음),,,직후영업일(경과이자없음),후급,3.0,발행일,3.0,절사,일자기준,,2020-12-25,비매출,,,무기명,,,,,한국예탁결제원,(주)신한은행,엔에이치투자증권(주),,NICE신용평가," ",한국신용평가,한국기업평가,,DBFUFB,SSANGYONG/ Bd 20230925 Sr Ungtd,,,315,,"['NH투자증권', 'KB증권']","['75000000000', '75000000000']"
345,KB증권(주),KR6003451A68,B003451A6,일반사채 (116100),,상장,활성,2020-06-11,,KB증권 38-1,KB SECURITIES 38-1,회사채,,"170,000,000,000",2020-06-11,원화,2022-06-10,일반채권,무보증,,고정금리형-이표채,공모-간접발행,국내발행,NO,확정,1.449,,100,100,,,선순위,만기상환,NO,,NO,,,직후영업일(경과이자없음),,,직후영업일(경과이자없음),후급,3.0,발행일,3.0,절사,일자기준,365일,2020-09-11,비매출,,,무기명,,,,,한국예탁결제원,(주)국민은행,대신증권(주),,NICE신용평가," ",한국신용평가,한국기업평가,,DBFNFB,KB SECURITIES/ Bd 20220610 Sr Ungtd,,,38-1,1,['[]'],['[]']
345,KB증권(주),KR6003452A67,B003452A6,일반사채 (116100),,상장,활성,2020-06-11,,KB증권 38-2,KB SECURITIES 38-2,회사채,,"130,000,000,000",2020-06-11,원화,2023-06-09,일반채권,무보증,,고정금리형-이표채,공모-간접발행,국내발행,NO,확정,1.544,,100,100,,,선순위,만기상환,NO,,NO,,,직후영업일(경과이자없음),,,직후영업일(경과이자없음),후급,3.0,발행일,3.0,절사,일자기준,365일,2020-09-11,비매출,,,무기명,,,,,한국예탁결제원,(주)국민은행,대신증권(주),,NICE신용평가," ",한국신용평가,한국기업평가,,DBFNFB,KB SECURITIES/ Bd 20230609 Sr Ungtd,,,38-2,2,['[]'],['[]']
354,대신증권(주),KR6003541A78,B003541A7,일반사채 (116100),,상장,활성,2020-07-24,,대신증권 20-2,DAISHIN SECURITIES 20-2,회사채,,"100,000,000,000",2020-07-24,원화,2023-07-24,일반채권,무보증,,고정금리형-이표채,공모-간접발행,국내발행,NO,확정,2.077,,100,100,,,선순위,만기상환,NO,,NO,,,직후영업일(경과이자없음),,,직후영업일(경과이자없음),후급,3.0,발행일,3.0,절사,일자기준,,2020-10-24,비매출,,,무기명,,,,,한국예탁결제원,(주)국민은행,엔에이치투자증권(주),,NICE신용평가," ",한국신용평가,,,DBFNFB,DAISHIN SECU/ Bd 20230724 Sr Ungtd,,,20-2,2,"['NH투자증권', 'KB증권', '키움증권', '한화투자증권']","['40000000000', '40000000000', '10000000000', '10000000000']"
367,(주)포스코케미칼,KR6003671A62,B003671A6,일반사채 (116100),,상장,활성,2020-06-12,,포스코케미칼 16-1,POSCO CHEMICAL 16-1,회사채,,"110,000,000,000",2020-06-12,원화,2023-06-12,일반채권,무보증,,고정금리형-이표채,공모-간접발행,국내발행,NO,확정,1.561,,100,100,,,선순위,만기상환,NO,,NO,,,직후영업일(경과이자없음),,,직후영업일(경과이자없음),후급,3.0,발행일,3.0,절사,일자기준,,2020-09-12,비매출,,,무기명,,,,,한국예탁결제원,(주)우리은행,삼성증권(주),,," ",한국신용평가,한국기업평가,,DBFUFB,POSCO CHEMICAL/ Bd 20230612 Sr,,,16-1,1,"['대표주관회사', '대표주관회사', '대표주관회사', '대표주관회사', '인수회사']","['서울특별시영등포구여의대로70', '서울특별시영등포구여의나루로4길21', '서울특별시영등포구여의대로60', '서울특별시서초구서초대로74길11', '서울특별시영등포구의사당대로88']"
367,(주)포스코케미칼,KR6003672A61,B003672A6,일반사채 (116100),,상장,활성,2020-06-12,,포스코케미칼 16-2,POSCO CHEMICAL 16-2,회사채,,"100,000,000,000",2020-06-12,원화,2025-06-12,일반채권,무보증,,고정금리형-이표채,공모-간접발행,국내발행,NO,확정,1.765,,100,100,,,선순위,만기상환,NO,,NO,,,직후영업일(경과이자없음),,,직후영업일(경과이자없음),후급,3.0,발행일,3.0,절사,일자기준,,2020-09-12,비매출,,,무기명,,,,,한국예탁결제원,(주)우리은행,삼성증권(주),,," ",한국신용평가,한국기업평가,,DBFUFB,POSCO CHEMICAL/ Bd 20250612 Sr,,,16-2,2,"['대표주관회사', '대표주관회사', '인수회사', '인수회사']","['서울특별시영등포구여의나루로4길21', '서울특별시영등포구여의대로60', '서울특별시영등포구의사당대로88', '서울특별시중구삼일대로343']"
385,보령제약(주),KR6003851A64,B003851A6,일반사채 (116100),,상장,활성,2020-06-17,,보령제약 51,BORYUNG PHARM 51,회사채,,"78,000,000,000",2020-06-17,원화,2023-06-16,일반채권,무보증,,고정금리형-이표채,공모-간접발행,국내발행,NO,확정,2.47,,100,100,,,선순위,만기상환,NO,,NO,,,직후영업일(경과이자없음),,,직후영업일(경과이자없음),후급,3.0,발행일,3.0,절사,일자기준,,2020-09-17,비매출,,,무기명,,,,,한국예탁결제원,(주)우리은행,미래에셋대우(주),,NICE신용평가," ",,한국기업평가,,DBFNFB,BORYUNG PHARM/ Bd 20230616 Sr Ungtd,,,51,,"['신한금융투자', '대신증권', '미래에셋대우']","['26000000000', '26000000000', '26000000000']"
402,현대제철(주),KR6004021A75,B004021A7,일반사채 (116100),,상장,활성,2020-07-14,,현대제철 129-1,HYUNDAI STEEL 129-1,회사채,,"220,000,000,000",2020-07-14,원화,2023-07-14,일반채권,무보증,,고정금리형-이표채,공모-간접발행,국내발행,NO,확정,1.6159999999999999,,100,100,,,선순위,만기상환,NO,,NO,,,직후영업일(경과이자없음),,,직후영업일(경과이자없음),후급,3.0,발행일,3.0,절사,일자기준,,2020-10-14,비매출,,,무기명,,,,,한국예탁결제원,(주)신한은행,엔에이치투자증권(주),,NICE신용평가," ",한국신용평가,한국기업평가,,DBFUFB,HYUNDAI STEEL/ Bd 20230714 Sr Ungtd,,,129-1,-1,"['신한금융투자', 'NH투자증권', 'KB증권', '현대차증권', '한국투자증권', '미래에셋대우', '하나금융투자']","['20000000000', '10000000000', '100000000000', '20000000000', '20000000000', '25000000000', '25000000000']"
402,현대제철(주),KR6004022A74,B004022A7,일반사채 (116100),,상장,활성,2020-07-14,,현대제철 129-2,HYUNDAI STEEL 129-2,회사채,,"240,000,000,000",2020-07-14,원화,2025-07-14,일반채권,무보증,,고정금리형-이표채,공모-간접발행,국내발행,NO,확정,2.02,,100,100,,,선순위,만기상환,NO,,NO,,,직후영업일(경과이자없음),,,직후영업일(경과이자없음),후급,3.0,발행일,3.0,절사,일자기준,,2020-10-14,비매출,,,무기명,,,,,한국예탁결제원,(주)신한은행,엔에이치투자증권(주),,NICE신용평가," ",한국신용평가,한국기업평가,,DBFUFB,HYUNDAI STEEL/ Bd 20250714 Sr Ungtd,,,129-2,-2,"['신한금융투자', 'NH투자증권', '현대차증권', '한국투자증권']","['75000000000', '95000000000', '40000000000', '30000000000']"
402,현대제철(주),KR6004023A73,B004023A7,일반사채 (116100),,상장,활성,2020-07-14,,현대제철 129-3,HYUNDAI STEEL 129-3,회사채,,"40,000,000,000",2020-07-14,원화,2030-07-14,일반채권,무보증,,고정금리형-이표채,공모-간접발행,국내발행,NO,확정,2.401,,100,100,,,선순위,만기상환,NO,,NO,,,직후영업일(경과이자없음),,,직후영업일(경과이자없음),후급,3.0,발행일,3.0,절사,일자기준,,2020-10-14,비매출,,,무기명,,,,,한국예탁결제원,(주)신한은행,엔에이치투자증권(주),,NICE신용평가," ",한국신용평가,한국기업평가,,DBFUFB,HYUNDAI STEEL/ Bd 20300714 Sr Ungtd,,,129-3,-3,"['신한금융투자', 'NH투자증권', 'KB증권', '현대차증권', '한국투자증권']","['10000000000', '10000000000', '10000000000', '5000000000', '5000000000']"
405,현대오일뱅크(주),KR6004051A78,B004051A7,일반사채 (116100),,상장,활성,2020-07-06,,현대오일뱅크 123-1,Hyundai Oilbank 123-1,회사채,,"190,000,000,000",2020-07-06,원화,2023-07-06,일반채권,무보증,,고정금리형-이표채,공모-간접발행,국내발행,NO,확정,1.6640000000000001,,100,100,,,선순위,만기상환,NO,,NO,,,직후영업일(경과이자없음),,,직후영업일(경과이자없음),후급,3.0,발행일,3.0,절사,일자기준,,2020-10-06,비매출,,,무기명,,,,,한국예탁결제원,(주)하나은행,미래에셋대우(주),,NICE신용평가," ",한국신용평가,한국기업평가,,DBFNFB,Hyundai Oilbank/ Bd 20230706 Sr,,,123-1,-1,"['KB증권', 'NH투자증권', '미래에셋대우', '한국투자증권', '하이투자증권', '유안타증권']","['80000000000', '-', '50000000000', '20000000000', '20000000000', '20000000000']"
405,현대오일뱅크(주),KR6004052A77,B004052A7,일반사채 (116100),,상장,활성,2020-07-06,,현대오일뱅크 123-2,Hyundai Oilbank 123-2,회사채,,"50,000,000,000",2020-07-06,원화,2025-07-06,일반채권,무보증,,고정금리형-이표채,공모-간접발행,국내발행,NO,확정,1.883,,100,100,,,선순위,만기상환,NO,,NO,,,직후영업일(경과이자없음),,,직후영업일(경과이자없음),후급,3.0,발행일,3.0,절사,일자기준,,2020-10-06,비매출,,,무기명,,,,,한국예탁결제원,(주)하나은행,미래에셋대우(주),,NICE신용평가," ",한국신용평가,한국기업평가,,DBFNFB,Hyundai Oilbank/ Bd 20250706 Sr,,,123-2,-2,"['KB증권', 'NH투자증권', '미래에셋대우', '한국투자증권', '하이투자증권', '유안타증권']","['-', '40000000000', '-', '-', '10000000000', '-']"
405,현대오일뱅크(주),KR6004053A76,B004053A7,일반사채 (116100),,상장,활성,2020-07-06,,현대오일뱅크 123-3,Hyundai Oilbank 123-3,회사채,,"60,000,000,000",2020-07-06,원화,2030-07-06,일반채권,무보증,,고정금리형-이표채,공모-간접발행,국내발행,NO,확정,2.434,,100,100,,,선순위,만기상환,NO,,NO,,,직후영업일(경과이자없음),,,직후영업일(경과이자없음),후급,3.0,발행일,3.0,절사,일자기준,,2020-10-06,비매출,,,무기명,,,,,한국예탁결제원,(주)하나은행,미래에셋대우(주),,NICE신용평가," ",한국신용평가,한국기업평가,,DBFNFB,Hyundai Oilbank/ Bd 20300706 Sr,,,123-3,-3,"['KB증권', 'NH투자증권', '미래에셋대우', '한국투자증권', '하이투자증권', '유안타증권']","['-', '20000000000', '30000000000', '10000000000', '-', '-']"
469,삼천리(주),KR6004691A58,B004691A5,일반사채 (116100),,상장,활성,2020-05-28,,삼천리 21-1,SAMCHULLY 21-1,회사채,,"140,000,000,000",2020-05-28,원화,2023-05-28,일반채권,무보증,,고정금리형-이표채,공모-간접발행,국내발행,NO,확정,1.5090000000000001,,100,100,,,선순위,만기상환,NO,,NO,,,직후영업일(경과이자없음),,,직후영업일(경과이자없음),후급,3.0,발행일,3.0,절사,일자기준,,2020-08-28,비매출,,,무기명,,,,,한국예탁결제원,(주)국민은행,미래에셋대우(주),,NICE신용평가," ",한국신용평가,,,DBFUFB,SAMCHULLY/ Bd 20230528 Sr Ungtd,,,21-1,1,"['KB증권', '미래에셋대우', '한화투자증권']","['70000000000', '50000000000', '20000000000']"
469,삼천리(주),KR6004692A57,B004692A5,일반사채 (116100),,상장,활성,2020-05-28,,삼천리 21-2,SAMCHULLY 21-2,회사채,,"60,000,000,000",2020-05-28,원화,2025-05-28,일반채권,무보증,,고정금리형-이표채,공모-간접발행,국내발행,NO,확정,1.676,,100,100,,,선순위,만기상환,NO,,NO,,,직후영업일(경과이자없음),,,직후영업일(경과이자없음),후급,3.0,발행일,3.0,절사,일자기준,,2020-08-28,비매출,,,무기명,,,,,한국예탁결제원,(주)국민은행,미래에셋대우(주),,NICE신용평가," ",한국신용평가,,,DBFUFB,SAMCHULLY/ Bd 20250528 Sr Ungtd,,,21-2,2,"['KB증권', '미래에셋대우', '한국투자증권']","['30000000000', '10000000000', '20000000000']"
494,(주)하나은행,KR6004942A89,B004942A8,일반은행채 (116210),,상장,활성,2020-08-14,,하나은행 조건부자본증권(상) 43-08이10갑-13(후),Hana Bank CoCoBond(PWD) 43-08COUP10@-13(D),회사채,,"340,000,000,000",2020-08-13,원화,2030-08-13,일반채권,무보증,,고정금리형-이표채,공모-간접발행,국내발행,NO,확정,2.14,,100,100,발행 2영업일 전 10년 국고민평+0.80%p,,후순위,만기상환,NO,,NO,상각형,,직후영업일(경과이자있음),,,직후영업일(경과이자없음),후급,3.0,발행일,3.0,절사,일자기준,,2020-11-13,비매출,,,무기명,,,,,한국예탁결제원,(주)하나은행,KB증권(주),,NICE신용평가," ",한국신용평가,한국기업평가,,DBFQFB,KEB Hana Bank/2.140 Bd 20300813 Jr,,,43-08이10갑-13,08이10갑-13,['[]'],['[]']
499,롯데지주(주),KR6004991A48,B004991A4,일반사채 (116100),,상장,활성,2020-04-29,,롯데지주 6,Lotte Corporation 6,회사채,,"200,000,000,000",2020-04-29,원화,2023-04-28,일반채권,무보증,,고정금리형-이표채,공모-간접발행,국내발행,NO,확정,2.062,,100,100,,,선순위,만기상환,NO,,NO,,,직후영업일(경과이자없음),,,직후영업일(경과이자없음),후급,3.0,발행일,3.0,절사,일자기준,,2020-07-29,비매출,,,무기명,,,,,한국예탁결제원,(주)우리은행,엔에이치투자증권(주),,NICE신용평가," ",한국신용평가,,,DBFNFB,LOTTE/ Bd 20230428 Sr Ungtd,,,6,,"['한국투자증권', 'NH투자증권', 'KB증권', '삼성증권', '신한금융투자', '하나금융투자']","['36000000000', '36000000000', '36000000000', '36000000000', '36000000000', '20000000000']"
499,롯데지주(주),KR6004991A97,B004991A9,일반사채 (116100),,상장,활성,2020-09-02,,롯데지주 9-1,Lotte Corporation 9-1,회사채,,"100,000,000,000",2020-09-02,원화,2023-09-01,일반채권,무보증,,고정금리형-이표채,공모-간접발행,국내발행,NO,확정,1.629,,100,100,D-1 4사 3년 개별민평 -0.03%p.,,선순위,만기상환,NO,,NO,,,직후영업일(경과이자없음),,,직후영업일(경과이자없음),후급,3.0,발행일,3.0,절사,일자기준,365일,2020-12-02,비매출,,,무기명,,,,,한국예탁결제원,(주)우리은행,KB증권(주),,NICE신용평가," ",한국신용평가,,,DBFNFB,LOTTE/ Bd 20230901 Sr Ungtd,,,9-1,,"['NH투자증권', '신한금융투자', '케이비증권', '미래에셋대우', '하나금융투자', '대신증권', 'BNK투자증권']","['10000000000', '27500000000', '32500000000', '5000000000', '7500000000', '10000000000', '7500000000']"
499,롯데지주(주),KR6004992A96,B004992A9,일반사채 (116100),,상장,활성,2020-09-02,,롯데지주 9-2,Lotte Corporation 9-2,회사채,,"100,000,000,000",2020-09-02,원화,2025-09-02,일반채권,무보증,,고정금리형-이표채,공모-간접발행,국내발행,NO,확정,1.8130000000000002,,100,100,D-1 4사 5년 개별민평 -0.04%p.,,선순위,만기상환,NO,,NO,,,직후영업일(경과이자없음),,,직후영업일(경과이자없음),후급,3.0,발행일,3.0,절사,일자기준,,2020-12-02,비매출,,,무기명,,,,,한국예탁결제원,(주)우리은행,KB증권(주),,NICE신용평가," ",한국신용평가,,,DBFNFB,LOTTE/ Bd 20250902 Sr Ungtd,,,9-2,,"['NH투자증권', '신한금융투자', '한국투자증권', '미래에셋대우', '하나금융투자', 'BNK투자증권', '키움증권']","['27500000000', '10000000000', '32500000000', '7500000000', '5000000000', '7500000000', '10000000000']"
499,롯데지주(주),KR6004993A95,B004993A9,일반사채 (116100),,상장,활성,2020-09-02,,롯데지주 9-3(지),Lotte Corporation 9-3(T),회사채,,"50,000,000,000",2020-09-02,원화,2030-09-02,일반채권,무보증,,고정금리형-이표채,공모-간접발행,국내발행,NO,확정,2.589,,100,100,D-1 4사 10년 개별민평 +0.30%p.,,선순위,만기상환,NO,,NO,,,직후영업일(경과이자없음),,,직후영업일(경과이자없음),후급,3.0,발행일,3.0,절사,일자기준,,2020-12-02,비매출,,,무기명,,,,,한국예탁결제원,(주)우리은행,KB증권(주),,NICE신용평가," ",한국신용평가,,,DBFNFB,LOTTE/ Bd 20300902 Sr Ungtd,,,9-3,,"['NH투자증권', '신한금융투자', '케이비증권', '한국투자증권', '삼성증권', '미래에셋대우', '하나금융투자', '대신증권', '키움증권']","['2500000000', '2500000000', '7500000000', '7500000000', '15000000000', '2500000000', '2500000000', '5000000000', '5000000000']"
527,(주)대구은행,KR6005271A46,B005271A4,일반은행채 (116210),,상장,활성,2020-04-07,,대구은행 41-04이14A-06,DAEGU BANK 41-04COUP14A-06,회사채,,"100,000,000,000",2020-04-06,원화,2021-06-06,일반채권,무보증,,고정금리형-이표채,공모-간접발행,국내발행,NO,확정,1.22,,100,100,마지막 이자지급 365일 일할계산,,선순위,만기상환,NO,,NO,,,직후영업일(경과이자있음),,,직후영업일(경과이자없음),후급,3.0,발행일,3.0,절사,일자기준,365일,2020-07-06,비매출,,,무기명,,,,,한국예탁결제원,(주)대구은행,교보증권(주),,NICE신용평가," ",,한국기업평가,,DBFNFB,DAEGU BK/1.22 Bd 20210606 Sr Ungtd,,,41-04이14A-06,04이14A-06,['교보증권'],['100000']
527,(주)대구은행,KR6005271A53,B005271A5,일반은행채 (116210),,상장,활성,2020-05-14,,대구은행 41-05이24A-13,DAEGU BANK 41-05COUP24A-13,회사채,,"100,000,000,000",2020-05-13,원화,2022-05-13,일반채권,무보증,,고정금리형-이표채,공모-간접발행,국내발행,NO,확정,1.18,,100,100,,,선순위,만기상환,NO,,NO,,,직후영업일(경과이자있음),,,직후영업일(경과이자없음),후급,3.0,발행일,3.0,절사,일자기준,,2020-08-13,비매출,,,무기명,,,,,한국예탁결제원,(주)대구은행,교보증권(주),,NICE신용평가," ",,한국기업평가,,DBFNFB,DAEGU BK/1.18 Bd 20220513 Sr Ungtd,,,41-05이24A-13,05이24A-13,['교보증권'],['100000']
527,(주)대구은행,KR6005271A79,B005271A7,일반은행채 (116210),,상장,활성,2020-07-13,,대구은행 41-07이24A-10,DAEGU BANK 41-07COUP24A-10,회사채,,"100,000,000,000",2020-07-10,원화,2022-07-10,일반채권,무보증,,고정금리형-이표채,공모-간접발행,국내발행,NO,확정,1.0,,100,100,,,선순위,만기상환,NO,,NO,,,직후영업일(경과이자있음),,,직후영업일(경과이자없음),후급,3.0,발행일,3.0,절사,일자기준,,2020-10-10,비매출,,,무기명,,,,,한국예탁결제원,(주)대구은행,하나금융투자(주),,NICE신용평가," ",,한국기업평가,,DBFNFB,DAEGU BK/1.00 Bd 20220710 Sr Ungtd,,,41-07이24A-10,07이24A-10,['하나금융투자'],['100000']
527,(주)대구은행,KR6005272A37,B005272A3,일반은행채 (116210),,상장,활성,2020-03-31,,대구은행 41-03이12A-30,DAEGU BANK 41-03COUP12A-30,회사채,,"100,000,000,000",2020-03-30,원화,2021-03-30,일반채권,무보증,,고정금리형-이표채,공모-간접발행,국내발행,NO,확정,1.34,,100,100,,,선순위,만기상환,NO,,NO,,,직후영업일(경과이자있음),,,직후영업일(경과이자없음),후급,3.0,발행일,3.0,절사,일자기준,,2020-06-30,비매출,,,무기명,,,,,한국예탁결제원,(주)대구은행,교보증권(주),,NICE신용평가," ",,한국기업평가,,DBFNFB,DAEGU BK/1.34 Bd 20210330 Sr Ungtd,,,41-03이12A-30,03이12A-30,['교보증권'],['100000']
527,(주)대구은행,KR6005272A78,B005272A7,일반은행채 (116210),,상장,활성,2020-07-30,,대구은행 41-07이24A-29,DAEGU BANK 41-07COUP24A-29,회사채,,"50,000,000,000",2020-07-29,원화,2022-07-29,일반채권,무보증,,고정금리형-이표채,공모-간접발행,국내발행,NO,확정,0.93,,100,100,,,선순위,만기상환,NO,,NO,,,직후영업일(경과이자있음),,,직후영업일(경과이자없음),후급,3.0,발행일,3.0,절사,일자기준,,2020-10-29,비매출,,,무기명,,,,,한국예탁결제원,(주)대구은행,교보증권(주),,NICE신용평가," ",,한국기업평가,,DBFNFB,DAEGU BK/0.93 Bd 20220729 Sr Ungtd,,,41-07이24A-29,07이24A-29,['교보증권'],['50000']
528,(주)부산은행,KR6005281A51,B005281A5,일반은행채 (116210),,상장,활성,2020-05-28,,부산은행 2020-05이2.0A-27,BUSAN BANK 2020-05-COUP2.0A-27,회사채,,"100,000,000,000",2020-05-27,원화,2022-05-27,일반채권,무보증,,고정금리형-이표채,공모-간접발행,국내발행,NO,확정,1.07,,100,100,,,선순위,만기상환,NO,,NO,,,직후영업일(경과이자있음),,,직후영업일(경과이자없음),후급,3.0,발행일,3.0,절사,일자기준,,2020-08-27,비매출,,,무기명,,,,,한국예탁결제원,(주)부산은행,교보증권(주),,NICE신용평가," ",한국신용평가,한국기업평가,,DBFNFB,BUSAN BANK/1.07 Bd 20220527 Sr,,,2020-05이2.0A-27,0-05이2.0A-27,['교보증권'],['100000000000']
528,(주)부산은행,KR6005281A77,B005281A7,일반은행채 (116210),,상장,활성,2020-07-22,,부산은행 2020-07이2.5A-21,BUSAN BANK 2020-07-COUP2.5A-21,회사채,,"100,000,000,000",2020-07-21,원화,2023-01-21,일반채권,무보증,,고정금리형-이표채,공모-간접발행,국내발행,NO,확정,1.02,,100,100,,,선순위,만기상환,NO,,NO,,,직후영업일(경과이자있음),,,직후영업일(경과이자없음),후급,3.0,발행일,3.0,절사,일자기준,,2020-10-21,비매출,,,무기명,,,,,한국예탁결제원,(주)부산은행,하나금융투자(주),,NICE신용평가," ",한국신용평가,한국기업평가,,DBFNFB,BUSAN BANK/1.02 Bd 20230121 Sr,,,2020-07이2.5A-21,0-07이2.5A-21,['하나금융투자'],['100000000000']
528,(주)부산은행,KR6005281A85,B005281A8,일반은행채 (116210),,상장,활성,2020-08-31,,부산은행 2020-08이3.0A-28,BUSAN BANK 2020-08-COUP3.0A-28,회사채,,"50,000,000,000",2020-08-28,원화,2023-08-28,일반채권,무보증,,고정금리형-이표채,공모-간접발행,국내발행,NO,확정,1.07,,100,100,,,선순위,만기상환,NO,,NO,,,직후영업일(경과이자있음),,,직후영업일(경과이자없음),후급,3.0,발행일,3.0,절사,일자기준,,2020-11-28,비매출,,,무기명,,,,,한국예탁결제원,(주)부산은행,교보증권(주),,NICE신용평가," ",한국신용평가,한국기업평가,,DBFNFB,BUSAN BANK/1.07 Bd 20230828 Sr,,,2020-08이3.0A-28,0-08이3.0A-28,['교보증권'],['50000000000']
528,(주)부산은행,KR6005281A93,B005281A9,일반은행채 (116210),,상장,활성,2020-09-14,,부산은행 2020-09이1.5A-11,BUSAN BANK 2020-09-COUP1.5A-11,회사채,,"60,000,000,000",2020-09-11,원화,2022-03-11,일반채권,무보증,,고정금리형-이표채,공모-간접발행,국내발행,NO,확정,1.0,,100,100,,,선순위,만기상환,NO,,NO,,,직후영업일(경과이자있음),,,직후영업일(경과이자없음),후급,3.0,발행일,3.0,절사,일자기준,,2020-12-11,비매출,,,무기명,,,,,한국예탁결제원,(주)부산은행,교보증권(주),,NICE신용평가," ",한국신용평가,한국기업평가,,DBFNFB,BUSAN BANK/1.00 Bd 20220311 Sr,,,2020-09이1.5A-11,0-09이1.5A-11,['교보증권'],['60000000000']
528,(주)부산은행,KR6005282A35,B005282A3,일반은행채 (116210),,상장,활성,2020-03-31,,부산은행 2020-03이1.0A-30,BUSAN BANK 2020-03-COUP1.0A-30,회사채,,"100,000,000,000",2020-03-30,원화,2021-03-30,일반채권,무보증,,고정금리형-이표채,공모-간접발행,국내발행,NO,확정,1.34,,100,100,,,선순위,만기상환,NO,,NO,,,직후영업일(경과이자있음),,,직후영업일(경과이자없음),후급,3.0,발행일,3.0,절사,일자기준,,2020-06-30,비매출,,,무기명,,,,,한국예탁결제원,(주)부산은행,교보증권(주),,NICE신용평가," ",한국신용평가,한국기업평가,,DBFNFB,BUSAN BANK/1.34 Bd 20210330 Sr,,,2020-03이1.0A-30,0-03이1.0A-30,['교보증권'],['100000000000']
528,(주)부산은행,KR6005282A84,B005282A8,일반은행채 (116210),,상장,활성,2020-09-01,,부산은행 2020-08이1.5A-31,BUSAN BANK 2020-08-COUP1.5A-31,회사채,,"50,000,000,000",2020-08-31,원화,2022-02-28,일반채권,무보증,,고정금리형-이표채,공모-간접발행,국내발행,NO,확정,0.94,,100,100,,,선순위,만기상환,NO,,NO,,,직후영업일(경과이자있음),,,직후영업일(경과이자없음),후급,3.0,발행일,3.0,절사,말일기준,,2020-11-30,비매출,,,무기명,,,,,한국예탁결제원,(주)부산은행,DB금융투자(주),,NICE신용평가," ",한국신용평가,한국기업평가,,DBFNFB,BUSAN BANK/0.94 Bd 20220228 Sr,,,2020-08이1.5A-31,0-08이1.5A-31,['DB금융투자'],['50000000000']
528,(주)부산은행,KR6005282A92,B005282A9,일반은행채 (116210),,상장,활성,2020-09-28,,부산은행 2020-09이1.5A-25,BUSAN BANK 2020-09-COUP1.5A-25,회사채,,"140,000,000,000",2020-09-25,원화,2022-03-25,일반채권,무보증,,고정금리형-이표채,공모-간접발행,국내발행,NO,확정,0.99,,100,100,,,선순위,만기상환,NO,,NO,,,직후영업일(경과이자있음),,,직후영업일(경과이자없음),후급,3.0,발행일,3.0,절사,일자기준,,2020-12-25,비매출,,,무기명,,,,,한국예탁결제원,(주)부산은행,이베스트투자증권(주),,NICE신용평가," ",한국신용평가,한국기업평가,,DBFNFB,BUSAN BANK/0.99 Bd 20220325 Sr,,,2020-09이1.5A-25,0-09이1.5A-25,['이베스트투자증권'],['140000000000']
530,롯데칠성음료(주),KR6005301A40,B005301A4,일반사채 (116100),,상장,활성,2020-04-21,,롯데칠성음료 51-1,LOTTE CHILSUNG BEVERAGE 51-1,회사채,,"140,000,000,000",2020-04-21,원화,2022-04-21,일반채권,무보증,,고정금리형-이표채,공모-간접발행,국내발행,NO,확정,2.048,,100,100,,,선순위,만기상환,NO,,NO,,,직후영업일(경과이자없음),,,직후영업일(경과이자없음),후급,3.0,발행일,3.0,절사,일자기준,,2020-07-21,비매출,,,무기명,,,,,한국예탁결제원,(주)하나은행,엔에이치투자증권(주),,NICE신용평가," ",한국신용평가,,,DBFNFB,LOTTE CHILSUNG/ Bd 20220421 Sr,,,51-1,1,"['NH투자증권', '신한금융투자', '삼성증권', '미래에셋대우', '한국산업은행', 'BNK투자증권', '신영증권', '하나금융투자', 'DB금융투자']","['20000000000', '15000000000', '15000000000', '20000000000', '50000000000', '5000000000', '5000000000', '5000000000', '5000000000']"
530,롯데칠성음료(주),KR6005302A49,B005302A4,일반사채 (116100),,상장,활성,2020-04-21,,롯데칠성음료 51-2,LOTTE CHILSUNG BEVERAGE 51-2,회사채,,"160,000,000,000",2020-04-21,원화,2023-04-21,일반채권,무보증,,고정금리형-이표채,공모-간접발행,국내발행,NO,확정,2.082,,100,100,,,선순위,만기상환,NO,,NO,,,직후영업일(경과이자없음),,,직후영업일(경과이자없음),후급,3.0,발행일,3.0,절사,일자기준,,2020-07-21,비매출,,,무기명,,,,,한국예탁결제원,(주)하나은행,엔에이치투자증권(주),,NICE신용평가," ",한국신용평가,,,DBFNFB,LOTTE CHILSUNG/ Bd 20230421 Sr,,,51-2,2,"['NH투자증권', '신한금융투자', '한국투자증권', '삼성증권', '미래에셋대우', 'BNK투자증권', '신영증권', '대신증권', '하나금융투자', 'DB금융투자', '한국산업은행']","['10000000000', '15000000000', '30000000000', '15000000000', '10000000000', '5000000000', '5000000000', '10000000000', '5000000000', '5000000000', '50000000000']"
538,현대자동차(주),KR6005382A59,B005382A5,일반사채 (116100),,상장,활성,2020-05-08,,현대자동차 317-2,HYUNDAI MOTOR 317-2,회사채,,"130,000,000,000",2020-05-08,원화,2025-05-08,일반채권,무보증,,고정금리형-이표채,공모-간접발행,국내발행,NO,확정,1.811,,100,100,발행일 전일 5년 개별민평 +0.05%p.,,선순위,만기상환,NO,,NO,,,직후영업일(경과이자없음),,,직후영업일(경과이자없음),후급,3.0,상환일,3.0,절사,일자기준,,2020-08-08,비매출,,,무기명,,,,,한국예탁결제원,(주)하나은행,KB증권(주),,NICE신용평가," ",,한국기업평가,,DBFUFB,HYUNDAI MTR/ Bd 20250508 Sr Ungtd,,,317-2,-2,"['NH투자증권', 'KB증권', '미래에셋대우', '현대차증권', '하이투자증권', '한국투자증권', '신한금융투자']","['60000000000', '120000000000', '70000000000', '50000000000', '30000000000', '30000000000', '30000000000']"
538,현대자동차(주),KR6005383A58,B005383A5,일반사채 (116100),,상장,활성,2020-05-08,,현대자동차 317-3,HYUNDAI MOTOR 317-3,회사채,,"80,000,000,000",2020-05-08,원화,2027-05-08,일반채권,무보증,,고정금리형-이표채,공모-간접발행,국내발행,NO,확정,1.921,,100,100,발행일 전일 7년 개별민평 +0.05%p.,,선순위,만기상환,NO,,NO,,,직후영업일(경과이자없음),,,직후영업일(경과이자없음),후급,3.0,상환일,3.0,절사,일자기준,,2020-08-08,비매출,,,무기명,,,,,한국예탁결제원,(주)하나은행,KB증권(주),,NICE신용평가," ",,한국기업평가,,DBFUFB,HYUNDAI MTR/ Bd 20270508 Sr Ungtd,,,317-3,-3,"['NH투자증권', '미래에셋대우', '현대차증권']","['60000000000', '40000000000', '30000000000']"
594,엔에이치투자증권(주),KR6005941A95,B005941A9,일반사채 (116100),,상장,활성,2020-09-28,,엔에이치투자증권 61-1,NH INVESTMENT & SECURITIES 61-1,회사채,,"150,000,000,000",2020-09-28,원화,2023-09-27,일반채권,무보증,,고정금리형-이표채,공모-간접발행,국내발행,NO,확정,1.348,,100,100,,,선순위,만기상환,NO,,NO,,,직후영업일(경과이자없음),,,직후영업일(경과이자없음),후급,3.0,발행일,3.0,절사,일자기준,365일,2020-12-28,비매출,,,무기명,,,,,한국예탁결제원,농협은행(주),SK증권(주),,NICE신용평가," ",한국신용평가,한국기업평가,,DBFNFB,NHIS/ Bd 20230927 Sr Ungtd,,,61-1,1,['[]'],['[]']
594,엔에이치투자증권(주),KR6005942A94,B005942A9,일반사채 (116100),,상장,활성,2020-09-28,,엔에이치투자증권 61-2,NH INVESTMENT & SECURITIES 61-2,회사채,,"150,000,000,000",2020-09-28,원화,2025-09-28,일반채권,무보증,,고정금리형-이표채,공모-간접발행,국내발행,NO,확정,1.55,,100,100,,,선순위,만기상환,NO,,NO,,,직후영업일(경과이자없음),,,직후영업일(경과이자없음),후급,3.0,발행일,3.0,절사,일자기준,,2020-12-28,비매출,,,무기명,,,,,한국예탁결제원,농협은행(주),SK증권(주),,NICE신용평가," ",한국신용평가,한국기업평가,,DBFNFB,NHIS/ Bd 20250928 Sr Ungtd,,,61-2,2,['[]'],['[]']
612,에스케이디스커버리(주),KR6006121A95,B006121A9,일반사채 (116100),,상장,활성,2020-09-11,,SK디스커버리 192-1,SK DISCOVERY 192-1,회사채,,"80,000,000,000",2020-09-10,원화,2023-09-10,일반채권,무보증,,고정금리형-이표채,공모-간접발행,국내발행,NO,확정,2.06,,100,100,,,선순위,만기상환,NO,,NO,,,직후영업일(경과이자없음),,,직후영업일(경과이자없음),후급,3.0,발행일,3.0,절사,일자기준,,2020-12-10,비매출,,,무기명,,,,,한국예탁결제원,(주)하나은행,SK증권(주),,NICE신용평가," ",한국신용평가,한국기업평가,,DBFNFB,SK Discovery/2.060 Bd 20230910 Sr,,,192-1,-1,"['SK증권', '삼성증권', 'NH투자증권', '한국투자증권']","['30000000000', '30000000000', '10000000000', '10000000000']"
612,에스케이디스커버리(주),KR6006122A94,B006122A9,일반사채 (116100),,상장,활성,2020-09-11,,SK디스커버리 192-2,SK DISCOVERY 192-2,회사채,,"40,000,000,000",2020-09-10,원화,2025-09-10,일반채권,무보증,,고정금리형-이표채,공모-간접발행,국내발행,NO,확정,2.269,,100,100,,,선순위,만기상환,NO,,NO,,,직후영업일(경과이자없음),,,직후영업일(경과이자없음),후급,3.0,발행일,3.0,절사,일자기준,,2020-12-10,비매출,,,무기명,,,,,한국예탁결제원,(주)하나은행,SK증권(주),,NICE신용평가," ",한국신용평가,한국기업평가,,DBFNFB,SK Discovery/2.269 Bd 20250910 Sr,,,192-2,-2,"['SK증권', '신한금융투자', '한화투자증권']","['20000000000', '10000000000', '10000000000']"
636,지에스건설(주),KR6006361A60,B006361A6,일반사채 (116100),,상장,활성,2020-06-11,,GS건설 137,GS ENGINEERING & CONSTRUCTION 137,회사채,,"100,000,000,000",2020-06-11,원화,2023-06-11,일반채권,무보증,,고정금리형-이표채,공모-간접발행,국내발행,NO,확정,2.7,,100,100,,,선순위,만기상환,NO,,NO,,,직후영업일(경과이자없음),,,직후영업일(경과이자없음),후급,3.0,발행일,3.0,절사,일자기준,,2020-09-11,비매출,,,무기명,,,,,한국예탁결제원,(주)하나은행,엔에이치투자증권(주),,NICE신용평가," ",한국신용평가,한국기업평가,,DBFNFB,GS E&C/2.70 Bd 20230611 Sr Ungtd,,,137,,"['NH투자증권', 'KB증권', '한국투자증권', 'DB금융투자']","['30000000000', '30000000000', '20000000000', '20000000000']"
680,미래에셋대우(주),KR6006801A68,B006801A6,일반사채 (116100),,상장,활성,2020-06-22,,미래에셋대우 53-1,MIRAE ASSET DAEWOO 53-1,회사채,,"130,000,000,000",2020-06-19,원화,2022-06-17,일반채권,무보증,,고정금리형-이표채,공모-간접발행,국내발행,NO,확정,1.527,,100,100,,,선순위,만기상환,NO,,NO,,,직후영업일(경과이자없음),,,직후영업일(경과이자없음),후급,3.0,발행일,3.0,절사,일자기준,365일,2020-09-19,비매출,,,무기명,,,,,한국예탁결제원,(주)신한은행,교보증권(주),,," ",한국신용평가,한국기업평가,,DBFNFB,MIRAE ASSET/1.527 Bd 20220617 Sr,,,53-1,1,['[]'],['[]']
680,미래에셋대우(주),KR6006801A92,B006801A9,일반사채 (116100),,상장,활성,2020-09-28,,미래에셋대우 54-1,MIRAE ASSET DAEWOO 54-1,회사채,,"110,000,000,000",2020-09-25,원화,2023-09-25,일반채권,무보증,,고정금리형-이표채,공모-간접발행,국내발행,NO,확정,1.527,,100,100,,,선순위,만기상환,NO,,NO,,,직후영업일(경과이자없음),,,직후영업일(경과이자없음),후급,3.0,발행일,3.0,절사,일자기준,,2020-12-25,비매출,,,무기명,,,,,한국예탁결제원,(주)신한은행,KB증권(주),,," ",한국신용평가,한국기업평가,,DBFNFB,MIRAE ASSET/1.527 Bd 20230925 Sr,,,54-1,1,['[]'],['[]']
680,미래에셋대우(주),KR6006802A67,B006802A6,일반사채 (116100),,상장,활성,2020-06-22,,미래에셋대우 53-2,MIRAE ASSET DAEWOO 53-2,회사채,,"140,000,000,000",2020-06-19,원화,2023-06-19,일반채권,무보증,,고정금리형-이표채,공모-간접발행,국내발행,NO,확정,1.6480000000000001,,100,100,,,선순위,만기상환,NO,,NO,,,직후영업일(경과이자없음),,,직후영업일(경과이자없음),후급,3.0,발행일,3.0,절사,일자기준,,2020-09-19,비매출,,,무기명,,,,,한국예탁결제원,(주)신한은행,교보증권(주),,," ",한국신용평가,한국기업평가,,DBFNFB,MIRAE ASSET/1.648 Bd 20230619 Sr,,,53-2,2,['[]'],['[]']
680,미래에셋대우(주),KR6006802A91,B006802A9,일반사채 (116100),,상장,활성,2020-09-28,,미래에셋대우 54-2,MIRAE ASSET DAEWOO 54-2,회사채,,"20,000,000,000",2020-09-25,원화,2025-09-25,일반채권,무보증,,고정금리형-이표채,공모-간접발행,국내발행,NO,확정,1.735,,100,100,,,선순위,만기상환,NO,,NO,,,직후영업일(경과이자없음),,,직후영업일(경과이자없음),후급,3.0,발행일,3.0,절사,일자기준,,2020-12-25,비매출,,,무기명,,,,,한국예탁결제원,(주)신한은행,KB증권(주),,," ",한국신용평가,한국기업평가,,DBFNFB,MIRAE ASSET/1.735 Bd 20250925 Sr,,,54-2,2,['[]'],['[]']
707,(주)지에스리테일,KR6007071A93,B007071A9,일반사채 (116100),,상장,활성,2020-09-14,,지에스리테일 33,GS RETAIL 33,회사채,,"150,000,000,000",2020-09-14,원화,2023-09-14,일반채권,무보증,,고정금리형-이표채,공모-간접발행,국내발행,NO,확정,1.3630000000000002,,100,100,,,선순위,만기상환,NO,,NO,,,직후영업일(경과이자없음),,,직후영업일(경과이자없음),후급,3.0,발행일,3.0,절사,일자기준,,2020-12-14,비매출,,,무기명,,,,,한국예탁결제원,(주)우리은행,삼성증권(주),,NICE신용평가," ",한국신용평가,,,DBFNFB,GS Retail/ Bd 20230914 Sr Ungtd,,,33,,"['NH투자증권', 'KB증권', '삼성증권', '미래에셋대우', '신영증권', 'DB금융투자']","['31000000000', '41000000000', '41000000000', '22000000000', '10000000000', '5000000000']"
716,사조산업(주),KR6007161A60,B007161A6,일반사채 (116100),,상장,활성,2020-06-26,,사조산업 53,SAJO INDUSTRIES 53,회사채,,"20,000,000,000",2020-06-26,원화,2023-06-26,일반채권,무보증,,고정금리형-이표채,공모-간접발행,국내발행,NO,확정,2.66,,100,100,,,선순위,만기상환,NO,,NO,,,직후영업일(경과이자없음),,,직후영업일(경과이자없음),후급,3.0,발행일,3.0,절사,일자기준,,2020-09-26,비매출,,,무기명,,,,,한국예탁결제원,(주)하나은행,KB증권(주),,NICE신용평가," ",,한국기업평가,,DBFNFB,SAJO IND/ Bd 20230626 Sr Ungtd,,,53,,"['KB증권', '한국산업은행']","['12000000000', '8000000000']"
769,국도화학(주),KR6007691A69,B007691A6,일반사채 (116100),,상장,활성,2020-06-02,,국도화학 55,KUKDO CHEMICAL 55,회사채,,"20,000,000,000",2020-06-02,원화,2023-06-02,일반채권,무보증,,고정금리형-이표채,공모-간접발행,국내발행,NO,확정,2.1590000000000003,,100,100,,,선순위,만기상환,NO,,NO,,,직후영업일(경과이자없음),,,직후영업일(경과이자없음),후급,3.0,발행일,3.0,절사,일자기준,,2020-09-02,비매출,,,무기명,,,,,한국예탁결제원,(주)하나은행,미래에셋대우(주),,NICE신용평가," ",한국신용평가,한국기업평가,,DBFUFB,KUKDO CHEM/ Bd 20230602 Sr Ungtd,,,55,,['미래에셋대우㈜'],['20000000000']
827,산은캐피탈(주),KR6008271A40,B008271A4,리스채권 (116230),,상장,활성,2020-04-29,,산은캐피탈 643-1,KDB CAPITAL CORPORATION 643-1,회사채,,"160,000,000,000",2020-04-28,원화,2021-04-28,일반채권,무보증,,고정금리형-이표채,공모-간접발행,국내발행,NO,확정,1.776,,100,100,,,선순위,만기상환,NO,,NO,,,직후영업일(경과이자없음),,,직후영업일(경과이자없음),후급,3.0,발행일,3.0,절사,일자기준,,2020-07-28,비매출,,,무기명,,,,,한국예탁결제원,한국산업은행,한양증권(주),,NICE신용평가," ",한국신용평가,한국기업평가,,DBFNFB,KDB CAPITAL/1.776 Bd 20210428 Sr,,,643-1,-1,"['한양증권', '이베스트투자증권', '케이티비투자증권']","['10000000000', '50000000000', '1000000000000']"
827,산은캐피탈(주),KR6008271A57,B008271A5,리스채권 (116230),,상장,활성,2020-05-11,,산은캐피탈 644-1,KDB CAPITAL CORPORATION 644-1,회사채,,"10,000,000,000",2020-05-08,원화,2021-06-08,일반채권,무보증,,고정금리형-이표채,공모-간접발행,국내발행,NO,확정,1.739,,100,100,,,선순위,만기상환,NO,,NO,,,직후영업일(경과이자없음),,,직후영업일(경과이자없음),후급,3.0,발행일,3.0,절사,일자기준,365일,2020-08-08,비매출,,,무기명,,,,,한국예탁결제원,한국산업은행,미래에셋대우(주),,NICE신용평가," ",한국신용평가,한국기업평가,,DBFNFB,KDB CAPITAL/1.739 Bd 20210608 Sr,,,644-1,-1,['한양증권'],['10000000000']
827,산은캐피탈(주),KR6008271A65,B008271A6,리스채권 (116230),,상장,활성,2020-06-10,,산은캐피탈 647-1,KDB CAPITAL CORPORATION 647-1,회사채,,"10,000,000,000",2020-06-09,원화,2023-03-09,일반채권,무보증,,고정금리형-이표채,공모-간접발행,국내발행,NO,확정,1.6059999999999999,,100,100,,,선순위,만기상환,NO,,NO,,,직후영업일(경과이자없음),,,직후영업일(경과이자없음),후급,3.0,발행일,3.0,절사,일자기준,,2020-09-09,비매출,,,무기명,,,,,한국예탁결제원,한국산업은행,엔에이치투자증권(주),,NICE신용평가," ",한국신용평가,한국기업평가,,DBFNFB,KDB CAPITAL/1.606 Bd 20230309 Sr,,,647-1,-1,['NH투자증권'],['10000000000']
827,산은캐피탈(주),KR6008271A73,B008271A7,리스채권 (116230),,상장,활성,2020-07-10,,산은캐피탈 649-1,KDB CAPITAL CORPORATION 649-1,회사채,,"40,000,000,000",2020-07-09,원화,2023-01-09,일반채권,무보증,,고정금리형-이표채,공모-간접발행,국내발행,NO,확정,1.548,,100,100,,,선순위,만기상환,NO,,NO,,,직후영업일(경과이자없음),,,직후영업일(경과이자없음),후급,3.0,발행일,3.0,절사,일자기준,,2020-10-09,비매출,,,무기명,,,,,한국예탁결제원,한국산업은행,KB증권(주),,NICE신용평가," ",한국신용평가,한국기업평가,,DBFNFB,KDB CAPITAL/1.548 Bd 20230109 Sr,,,649-1,-1,"['KB증권', 'SK증권', '한양증권', '케이프투자증권']","['10000000000', '10000000000', '10000000000', '10000000000']"
827,산은캐피탈(주),KR6008271A81,B008271A8,리스채권 (116230),,상장,활성,2020-08-12,,산은캐피탈 651-1,KDB CAPITAL CORPORATION 651-1,회사채,,"30,000,000,000",2020-08-11,원화,2023-02-10,일반채권,무보증,,고정금리형-이표채,공모-간접발행,국내발행,NO,확정,1.399,,100,100,,,선순위,만기상환,NO,,NO,,,직후영업일(경과이자없음),,,직후영업일(경과이자없음),후급,3.0,발행일,3.0,절사,일자기준,365일,2020-11-11,비매출,,,무기명,,,,,한국예탁결제원,한국산업은행,엔에이치투자증권(주),,NICE신용평가," ",한국신용평가,한국기업평가,,DBFNFB,KDB CAPITAL/1.399 Bd 20230210 Sr,,,651-1,-1,"['한양증권', '현대차증권', '이베스트투자증권']","['10000000000', '10000000000', '10000000000']"
827,산은캐피탈(주),KR6008271A99,B008271A9,리스채권 (116230),,상장,활성,2020-09-11,,산은캐피탈 652,KDB CAPITAL CORPORATION 652,회사채,,"60,000,000,000",2020-09-10,원화,2023-09-08,일반채권,무보증,,고정금리형-이표채,공모-간접발행,국내발행,NO,확정,1.665,,100,100,마지막 이자만 일할계산,,선순위,만기상환,NO,,NO,,,직후영업일(경과이자없음),,,직후영업일(경과이자없음),후급,3.0,발행일,3.0,절사,일자기준,365일,2020-12-10,비매출,,,무기명,,,,,한국예탁결제원,한국산업은행,KB증권(주),,NICE신용평가," ",한국신용평가,한국기업평가,,DBFNFB,KDB CAPITAL/1.665 Bd 20230908 Sr,,,652,,"['KB증권', '흥국증권', '메리츠증권', '신영증권', '케이티비투자증권']","['10000000000', '10000000000', '10000000000', '10000000000', '20000000000']"